SlNo,Station,Agency,State LGD Code,State,District LGD Code,District,Tehsil,Block,Village,River,Basin,Tributary,Subtributary,SubSubtributary,Local River,Latitude,Longitude,Data Acquisition Time,Biochemical Oxygen Demand (mg/L),Chemical Oxygen Demand (mg/L),Fecal Coliform (MPN/100mL),Total Coliform (MPN/100mL)
1,AGRA CANAL MADANPUR KHADAR DELHI,CPCB,9,Uttar Pradesh,144,G.B. Nagar,DADRI,-,-,-,-,-,-,-,-,28.54636900,77.31259700,06-01-2021 08:30,37,"","",2.4e+06
2,AGRA CANAL MADANPUR KHADAR DELHI,CPCB,9,Uttar Pradesh,144,G.B. Nagar,DADRI,-,-,-,-,-,-,-,-,28.54636900,77.31259700,01-02-2021 08:30,32,"","",790000
3,AGRA CANAL MADANPUR KHADAR DELHI,CPCB,9,Uttar Pradesh,144,G.B. Nagar,DADRI,-,-,-,-,-,-,-,-,28.54636900,77.31259700,03-03-2021 08:30,26,"","",1.4e+07
4,AGRA CANAL MADANPUR KHADAR DELHI,CPCB,9,Uttar Pradesh,144,G.B. Nagar,DADRI,-,-,-,-,-,-,-,-,28.54636900,77.31259700,05-04-2021 08:30,30,"","",2.2e+06
5,AGRA CANAL MADANPUR KHADAR DELHI,CPCB,9,Uttar Pradesh,144,G.B. Nagar,DADRI,-,-,-,-,-,-,-,-,28.54636900,77.31259700,03-09-2021 08:30,40,"","",""
6,AGRA CANAL MADANPUR KHADAR DELHI,CPCB,9,Uttar Pradesh,144,G.B. Nagar,DADRI,-,-,-,-,-,-,-,-,28.54636900,77.31259700,04-10-2021 08:30,30,"","",""
7,AGRA CANAL MADANPUR KHADAR DELHI,CPCB,9,Uttar Pradesh,144,G.B. Nagar,DADRI,-,-,-,-,-,-,-,-,28.54636900,77.31259700,08-11-2021 08:30,60,"","",""
8,AGRA CANAL MADANPUR KHADAR DELHI,CPCB,9,Uttar Pradesh,144,G.B. Nagar,DADRI,-,-,-,-,-,-,-,-,28.54636900,77.31259700,01-12-2021 08:30,77,"","",""
9,BANGANGA AT D/S SHUKRATAL (BEFORE CONFLUENCE OF LAKSAR DRAIN ),CPCB,9,Uttar Pradesh,172,MUZAFFARNAGAR,JANSATH,-,-,-,-,-,-,-,-,29.49155100,77.99051400,27-01-2021 08:30,4.1,"",680,""
10,BANGANGA AT D/S SHUKRATAL (BEFORE CONFLUENCE OF LAKSAR DRAIN ),CPCB,9,Uttar Pradesh,172,MUZAFFARNAGAR,JANSATH,-,-,-,-,-,-,-,-,29.49155100,77.99051400,25-06-2021 08:30,2.7,"",220,""
11,BANGANGA AT D/S SHUKRATAL (BEFORE CONFLUENCE OF LAKSAR DRAIN ),CPCB,9,Uttar Pradesh,172,MUZAFFARNAGAR,JANSATH,-,-,-,-,-,-,-,-,29.49155100,77.99051400,11-08-2021 08:30,4,"",2200,""
12,BANGANGA AT D/S SHUKRATAL (BEFORE CONFLUENCE OF LAKSAR DRAIN ),CPCB,9,Uttar Pradesh,172,MUZAFFARNAGAR,JANSATH,-,-,-,-,-,-,-,-,29.49155100,77.99051400,15-11-2021 08:30,3,"",1800,""
13,BANGANGA AT U/S IDRISHPUR (U.K.),CPCB,9,Uttar Pradesh,124,BAGHPAT,BAGHPAT,-,-,-,-,-,-,-,-,29.18405800,77.32613000,27-01-2021 08:30,3.6,"",170,""
14,BANGANGA AT U/S IDRISHPUR (U.K.),CPCB,9,Uttar Pradesh,124,BAGHPAT,BAGHPAT,-,-,-,-,-,-,-,-,29.18405800,77.32613000,25-06-2021 08:30,1.7,"",49,""
15,BANGANGA AT U/S IDRISHPUR (U.K.),CPCB,9,Uttar Pradesh,124,BAGHPAT,BAGHPAT,-,-,-,-,-,-,-,-,29.18405800,77.32613000,11-08-2021 08:30,4,"",22000,""
16,BANGANGA AT U/S IDRISHPUR (U.K.),CPCB,9,Uttar Pradesh,124,BAGHPAT,BAGHPAT,-,-,-,-,-,-,-,-,29.18405800,77.32613000,15-11-2021 08:30,2,"",200,""
17,BEAS AT D/S ALAMPUR,CPCB,9,Uttar Pradesh,149,HAMIRPUR,HAMIRPUR,-,-,-,-,-,-,-,-,31.83865000,76.50514400,06-01-2021 08:30,"","",2,""
18,BEAS AT D/S ALAMPUR,CPCB,9,Uttar Pradesh,149,HAMIRPUR,HAMIRPUR,-,-,-,-,-,-,-,-,31.83865000,76.50514400,06-02-2021 08:30,"","",2,""
19,BEAS AT D/S ALAMPUR,CPCB,9,Uttar Pradesh,149,HAMIRPUR,HAMIRPUR,-,-,-,-,-,-,-,-,31.83865000,76.50514400,06-03-2021 08:30,"","",2,""
20,BEAS AT D/S ALAMPUR,CPCB,9,Uttar Pradesh,149,HAMIRPUR,HAMIRPUR,-,-,-,-,-,-,-,-,31.83865000,76.50514400,08-04-2021 08:30,"","",2,""
21,BEAS AT D/S ALAMPUR,CPCB,9,Uttar Pradesh,149,HAMIRPUR,HAMIRPUR,-,-,-,-,-,-,-,-,31.83865000,76.50514400,04-05-2021 08:30,"","",2,""
22,BEAS AT D/S ALAMPUR,CPCB,9,Uttar Pradesh,149,HAMIRPUR,HAMIRPUR,-,-,-,-,-,-,-,-,31.83865000,76.50514400,09-06-2021 08:30,"","",2,""
23,BEAS AT D/S ALAMPUR,CPCB,9,Uttar Pradesh,149,HAMIRPUR,HAMIRPUR,-,-,-,-,-,-,-,-,31.83865000,76.50514400,06-07-2021 08:30,"","",2,""
24,BEAS AT D/S ALAMPUR,CPCB,9,Uttar Pradesh,149,HAMIRPUR,HAMIRPUR,-,-,-,-,-,-,-,-,31.83865000,76.50514400,04-08-2021 08:30,"","",2,""
25,BEAS AT D/S ALAMPUR,CPCB,9,Uttar Pradesh,149,HAMIRPUR,HAMIRPUR,-,-,-,-,-,-,-,-,31.83865000,76.50514400,04-09-2021 08:30,"","",2,""
26,BEAS AT D/S ALAMPUR,CPCB,9,Uttar Pradesh,149,HAMIRPUR,HAMIRPUR,-,-,-,-,-,-,-,-,31.83865000,76.50514400,12-10-2021 08:30,"","",2,""
27,BEAS AT D/S ALAMPUR,CPCB,9,Uttar Pradesh,149,HAMIRPUR,HAMIRPUR,-,-,-,-,-,-,-,-,31.83865000,76.50514400,02-11-2021 08:30,"","",2,""
28,BEAS AT D/S ALAMPUR,CPCB,9,Uttar Pradesh,149,HAMIRPUR,HAMIRPUR,-,-,-,-,-,-,-,-,31.83865000,76.50514400,01-12-2021 08:30,"","",2,""
29,BEAS AT D/S JAISINGHPUR,CPCB,9,Uttar Pradesh,149,HAMIRPUR,HAMIRPUR,-,-,-,-,-,-,-,-,31.88075300,76.61451400,06-01-2021 08:30,"","",2,""
30,BEAS AT D/S JAISINGHPUR,CPCB,9,Uttar Pradesh,149,HAMIRPUR,HAMIRPUR,-,-,-,-,-,-,-,-,31.88075300,76.61451400,06-02-2021 08:30,"","",2,""
31,BEAS AT D/S JAISINGHPUR,CPCB,9,Uttar Pradesh,149,HAMIRPUR,HAMIRPUR,-,-,-,-,-,-,-,-,31.88075300,76.61451400,06-03-2021 08:30,"","",2,""
32,BEAS AT D/S JAISINGHPUR,CPCB,9,Uttar Pradesh,149,HAMIRPUR,HAMIRPUR,-,-,-,-,-,-,-,-,31.88075300,76.61451400,08-04-2021 08:30,"","",2,""
33,BEAS AT D/S JAISINGHPUR,CPCB,9,Uttar Pradesh,149,HAMIRPUR,HAMIRPUR,-,-,-,-,-,-,-,-,31.88075300,76.61451400,04-05-2021 08:30,"","",2,""
34,BEAS AT D/S JAISINGHPUR,CPCB,9,Uttar Pradesh,149,HAMIRPUR,HAMIRPUR,-,-,-,-,-,-,-,-,31.88075300,76.61451400,09-06-2021 08:30,"","",2,""
35,BEAS AT D/S JAISINGHPUR,CPCB,9,Uttar Pradesh,149,HAMIRPUR,HAMIRPUR,-,-,-,-,-,-,-,-,31.88075300,76.61451400,06-07-2021 08:30,"","",2,""
36,BEAS AT D/S JAISINGHPUR,CPCB,9,Uttar Pradesh,149,HAMIRPUR,HAMIRPUR,-,-,-,-,-,-,-,-,31.88075300,76.61451400,04-08-2021 08:30,"","",2,""
37,BEAS AT D/S JAISINGHPUR,CPCB,9,Uttar Pradesh,149,HAMIRPUR,HAMIRPUR,-,-,-,-,-,-,-,-,31.88075300,76.61451400,04-09-2021 08:30,"","",2,""
38,BEAS AT D/S JAISINGHPUR,CPCB,9,Uttar Pradesh,149,HAMIRPUR,HAMIRPUR,-,-,-,-,-,-,-,-,31.88075300,76.61451400,12-10-2021 08:30,"","",2,""
39,BEAS AT D/S JAISINGHPUR,CPCB,9,Uttar Pradesh,149,HAMIRPUR,HAMIRPUR,-,-,-,-,-,-,-,-,31.88075300,76.61451400,02-11-2021 08:30,"","",2,""
40,BEAS AT D/S JAISINGHPUR,CPCB,9,Uttar Pradesh,149,HAMIRPUR,HAMIRPUR,-,-,-,-,-,-,-,-,31.88075300,76.61451400,01-12-2021 08:30,"","",2,""
41,BETWA AT SUKMA DUKMA DAM JHANSI (U.P.),CPCB,9,Uttar Pradesh,153,JHANSI,Jhansi,-,-,-,-,-,-,-,-,25.19304400,78.53914100,03-03-2021 08:30,4,"",1300,""
42,BETWA AT SUKMA DUKMA DAM JHANSI (U.P.),CPCB,9,Uttar Pradesh,153,JHANSI,Jhansi,-,-,-,-,-,-,-,-,25.19304400,78.53914100,08-09-2021 08:30,"","",1300,""
43,BETWA AT SUKMA DUKMA DAM JHANSI (U.P.),CPCB,9,Uttar Pradesh,153,JHANSI,Jhansi,-,-,-,-,-,-,-,-,25.19304400,78.53914100,07-12-2021 08:30,1.5,"",4500,""
44,BETWA BEFORE CONF. YAMUNA AT HAMIRPUR U.P.,CPCB,9,Uttar Pradesh,149,HAMIRPUR,HAMIRPUR,-,-,-,-,-,-,-,-,25.94085000,80.15382200,27-09-2021 08:30,2.9,"","",""
45,BETWA BEFORE CONF. YAMUNA AT HAMIRPUR U.P.,CPCB,9,Uttar Pradesh,149,HAMIRPUR,HAMIRPUR,-,-,-,-,-,-,-,-,25.94085000,80.15382200,27-10-2021 08:30,3,"","",""
46,BETWA BEFORE CONF. YAMUNA AT HAMIRPUR U.P.,CPCB,9,Uttar Pradesh,149,HAMIRPUR,HAMIRPUR,-,-,-,-,-,-,-,-,25.94085000,80.15382200,25-11-2021 08:30,3.2,"","",""
47,BETWA BEFORE CONF. YAMUNA AT HAMIRPUR U.P.,CPCB,9,Uttar Pradesh,149,HAMIRPUR,HAMIRPUR,-,-,-,-,-,-,-,-,25.94085000,80.15382200,21-12-2021 08:30,3.4,"","",""
48,BHELLA RIVER AT LOHIYA BRIDGE D/S KASHIPUR,CPCB,9,Uttar Pradesh,176,RAMPUR,MILAK,-,-,-,-,-,-,-,-,29.14673200,78.98297500,26-01-2021 08:30,28,"","",""
49,BHELLA RIVER AT LOHIYA BRIDGE D/S KASHIPUR,CPCB,9,Uttar Pradesh,176,RAMPUR,MILAK,-,-,-,-,-,-,-,-,29.14673200,78.98297500,24-02-2021 08:30,24,"","",""
50,BHELLA RIVER AT LOHIYA BRIDGE D/S KASHIPUR,CPCB,9,Uttar Pradesh,176,RAMPUR,MILAK,-,-,-,-,-,-,-,-,29.14673200,78.98297500,22-03-2021 08:30,26,"","",""
51,BHELLA RIVER AT LOHIYA BRIDGE D/S KASHIPUR,CPCB,9,Uttar Pradesh,176,RAMPUR,MILAK,-,-,-,-,-,-,-,-,29.14673200,78.98297500,22-04-2021 08:30,27,"","",""
52,BHELLA RIVER AT LOHIYA BRIDGE D/S KASHIPUR,CPCB,9,Uttar Pradesh,176,RAMPUR,MILAK,-,-,-,-,-,-,-,-,29.14673200,78.98297500,28-05-2021 08:30,29,"","",""
53,BHELLA RIVER AT LOHIYA BRIDGE D/S KASHIPUR,CPCB,9,Uttar Pradesh,176,RAMPUR,MILAK,-,-,-,-,-,-,-,-,29.14673200,78.98297500,21-06-2021 08:30,26,"","",""
54,BHELLA RIVER AT LOHIYA BRIDGE D/S KASHIPUR,CPCB,9,Uttar Pradesh,176,RAMPUR,MILAK,-,-,-,-,-,-,-,-,29.14673200,78.98297500,19-07-2021 08:30,28,"",350,""
55,BHELLA RIVER AT LOHIYA BRIDGE D/S KASHIPUR,CPCB,9,Uttar Pradesh,176,RAMPUR,MILAK,-,-,-,-,-,-,-,-,29.14673200,78.98297500,11-08-2021 08:30,26.5,"",280,""
56,BHELLA RIVER AT LOHIYA BRIDGE D/S KASHIPUR,CPCB,9,Uttar Pradesh,176,RAMPUR,MILAK,-,-,-,-,-,-,-,-,29.14673200,78.98297500,06-09-2021 08:30,24,"",240,""
57,BHELLA RIVER AT LOHIYA BRIDGE D/S KASHIPUR,CPCB,9,Uttar Pradesh,176,RAMPUR,MILAK,-,-,-,-,-,-,-,-,29.14673200,78.98297500,06-10-2021 08:30,26,"",210,""
58,BHELLA RIVER AT LOHIYA BRIDGE D/S KASHIPUR,CPCB,9,Uttar Pradesh,176,RAMPUR,MILAK,-,-,-,-,-,-,-,-,29.14673200,78.98297500,18-11-2021 08:30,25,"",170,""
59,BHELLA RIVER AT LOHIYA BRIDGE D/S KASHIPUR,CPCB,9,Uttar Pradesh,176,RAMPUR,MILAK,-,-,-,-,-,-,-,-,29.14673200,78.98297500,14-12-2021 08:30,20,"",140,""
60,DHELA AT ADAMPUR,CPCB,9,Uttar Pradesh,171,MORADABAD,MORADABAD,-,-,-,-,-,-,-,-,28.97215900,78.82405800,01-02-2021 08:30,29,"",170000,""
61,DHELA AT ADAMPUR,CPCB,9,Uttar Pradesh,171,MORADABAD,MORADABAD,-,-,-,-,-,-,-,-,28.97215900,78.82405800,28-06-2021 08:30,31,"",2.2e+06,""
62,DHELA AT ADAMPUR,CPCB,9,Uttar Pradesh,171,MORADABAD,MORADABAD,-,-,-,-,-,-,-,-,28.97215900,78.82405800,16-08-2021 08:30,26,"",120000,""
63,DHELA AT ADAMPUR,CPCB,9,Uttar Pradesh,171,MORADABAD,MORADABAD,-,-,-,-,-,-,-,-,28.97215900,78.82405800,20-10-2021 08:30,3,"",12000,""
64,DHELLA RIVER D/S AT THAKURDWARA ALIGANJ ROAD,CPCB,9,Uttar Pradesh,171,MORADABAD,MORADABAD,-,-,-,-,-,-,-,-,29.15049000,78.89338600,26-01-2021 08:30,56,"","",""
65,DHELLA RIVER D/S AT THAKURDWARA ALIGANJ ROAD,CPCB,9,Uttar Pradesh,171,MORADABAD,MORADABAD,-,-,-,-,-,-,-,-,29.15049000,78.89338600,24-02-2021 08:30,42,"","",""
66,DHELLA RIVER D/S AT THAKURDWARA ALIGANJ ROAD,CPCB,9,Uttar Pradesh,171,MORADABAD,MORADABAD,-,-,-,-,-,-,-,-,29.15049000,78.89338600,22-03-2021 08:30,44,"","",""
67,DHELLA RIVER D/S AT THAKURDWARA ALIGANJ ROAD,CPCB,9,Uttar Pradesh,171,MORADABAD,MORADABAD,-,-,-,-,-,-,-,-,29.15049000,78.89338600,22-04-2021 08:30,39,"","",""
68,DHELLA RIVER D/S AT THAKURDWARA ALIGANJ ROAD,CPCB,9,Uttar Pradesh,171,MORADABAD,MORADABAD,-,-,-,-,-,-,-,-,29.15049000,78.89338600,28-05-2021 08:30,34,"","",""
69,DHELLA RIVER D/S AT THAKURDWARA ALIGANJ ROAD,CPCB,9,Uttar Pradesh,171,MORADABAD,MORADABAD,-,-,-,-,-,-,-,-,29.15049000,78.89338600,21-06-2021 08:30,32,"","",""
70,DHELLA RIVER D/S AT THAKURDWARA ALIGANJ ROAD,CPCB,9,Uttar Pradesh,171,MORADABAD,MORADABAD,-,-,-,-,-,-,-,-,29.15049000,78.89338600,19-07-2021 08:30,28,"",430,""
71,DHELLA RIVER D/S AT THAKURDWARA ALIGANJ ROAD,CPCB,9,Uttar Pradesh,171,MORADABAD,MORADABAD,-,-,-,-,-,-,-,-,29.15049000,78.89338600,11-08-2021 08:30,22.5,"",920,""
72,DHELLA RIVER D/S AT THAKURDWARA ALIGANJ ROAD,CPCB,9,Uttar Pradesh,171,MORADABAD,MORADABAD,-,-,-,-,-,-,-,-,29.15049000,78.89338600,06-09-2021 08:30,26.4,"",920,""
73,DHELLA RIVER D/S AT THAKURDWARA ALIGANJ ROAD,CPCB,9,Uttar Pradesh,171,MORADABAD,MORADABAD,-,-,-,-,-,-,-,-,29.15049000,78.89338600,06-10-2021 08:30,24,"",920,""
74,DHELLA RIVER D/S AT THAKURDWARA ALIGANJ ROAD,CPCB,9,Uttar Pradesh,171,MORADABAD,MORADABAD,-,-,-,-,-,-,-,-,29.15049000,78.89338600,18-11-2021 08:30,26.5,"",920,""
75,DHELLA RIVER D/S AT THAKURDWARA ALIGANJ ROAD,CPCB,9,Uttar Pradesh,171,MORADABAD,MORADABAD,-,-,-,-,-,-,-,-,29.15049000,78.89338600,14-12-2021 08:30,24,"",920,""
76,DHELLA RIVER U/S AT KASHIPUR MORADABAD ROAD BRIDGE,CPCB,9,Uttar Pradesh,171,MORADABAD,MORADABAD,-,-,-,-,-,-,-,-,29.11119500,78.90872300,26-01-2021 08:30,4,"","",""
77,DHELLA RIVER U/S AT KASHIPUR MORADABAD ROAD BRIDGE,CPCB,9,Uttar Pradesh,171,MORADABAD,MORADABAD,-,-,-,-,-,-,-,-,29.11119500,78.90872300,24-02-2021 08:30,5,"","",""
78,DHELLA RIVER U/S AT KASHIPUR MORADABAD ROAD BRIDGE,CPCB,9,Uttar Pradesh,171,MORADABAD,MORADABAD,-,-,-,-,-,-,-,-,29.11119500,78.90872300,28-05-2021 08:30,29,"","",""
79,DHELLA RIVER U/S AT KASHIPUR MORADABAD ROAD BRIDGE,CPCB,9,Uttar Pradesh,171,MORADABAD,MORADABAD,-,-,-,-,-,-,-,-,29.11119500,78.90872300,21-06-2021 08:30,22,"","",""
80,DHELLA RIVER U/S AT KASHIPUR MORADABAD ROAD BRIDGE,CPCB,9,Uttar Pradesh,171,MORADABAD,MORADABAD,-,-,-,-,-,-,-,-,29.11119500,78.90872300,19-07-2021 08:30,10,"",220,""
81,DHELLA RIVER U/S AT KASHIPUR MORADABAD ROAD BRIDGE,CPCB,9,Uttar Pradesh,171,MORADABAD,MORADABAD,-,-,-,-,-,-,-,-,29.11119500,78.90872300,11-08-2021 08:30,8.7,"",170,""
82,DHELLA RIVER U/S AT KASHIPUR MORADABAD ROAD BRIDGE,CPCB,9,Uttar Pradesh,171,MORADABAD,MORADABAD,-,-,-,-,-,-,-,-,29.11119500,78.90872300,06-09-2021 08:30,8.4,"",220,""
83,DHELLA RIVER U/S AT KASHIPUR MORADABAD ROAD BRIDGE,CPCB,9,Uttar Pradesh,171,MORADABAD,MORADABAD,-,-,-,-,-,-,-,-,29.11119500,78.90872300,06-10-2021 08:30,11,"",280,""
84,DHELLA RIVER U/S AT KASHIPUR MORADABAD ROAD BRIDGE,CPCB,9,Uttar Pradesh,171,MORADABAD,MORADABAD,-,-,-,-,-,-,-,-,29.11119500,78.90872300,18-11-2021 08:30,10.8,"",220,""
85,DHELLA RIVER U/S AT KASHIPUR MORADABAD ROAD BRIDGE,CPCB,9,Uttar Pradesh,171,MORADABAD,MORADABAD,-,-,-,-,-,-,-,-,29.11119500,78.90872300,14-12-2021 08:30,8,"",210,""
86,GANGA AT ALLAHABAD D/S (SANGAM) U.P.,CPCB,9,Uttar Pradesh,120,Allahabad,Allahabad,-,-,-,-,-,-,-,-,25.41920600,81.90052200,04-01-2021 08:30,2,"",790,""
87,GANGA AT ALLAHABAD D/S (SANGAM) U.P.,CPCB,9,Uttar Pradesh,120,Allahabad,Allahabad,-,-,-,-,-,-,-,-,25.41920600,81.90052200,21-01-2021 08:30,2.6,"",1300,""
88,GANGA AT ALLAHABAD D/S (SANGAM) U.P.,CPCB,9,Uttar Pradesh,120,Allahabad,Allahabad,-,-,-,-,-,-,-,-,25.41920600,81.90052200,18-02-2021 08:30,2.6,"",930,""
89,GANGA AT ALLAHABAD D/S (SANGAM) U.P.,CPCB,9,Uttar Pradesh,120,Allahabad,Allahabad,-,-,-,-,-,-,-,-,25.41920600,81.90052200,28-02-2021 08:30,2.5,"",1100,""
90,GANGA AT ALLAHABAD D/S (SANGAM) U.P.,CPCB,9,Uttar Pradesh,120,Allahabad,Allahabad,-,-,-,-,-,-,-,-,25.41920600,81.90052200,07-03-2021 08:30,2.7,"",1200,""
91,GANGA AT ALLAHABAD D/S (SANGAM) U.P.,CPCB,9,Uttar Pradesh,120,Allahabad,Allahabad,-,-,-,-,-,-,-,-,25.41920600,81.90052200,21-03-2021 08:30,2.8,"",1400,""
92,GANGA AT ALLAHABAD D/S (SANGAM) U.P.,CPCB,9,Uttar Pradesh,120,Allahabad,Allahabad,-,-,-,-,-,-,-,-,25.41920600,81.90052200,08-04-2021 08:30,2.7,"",1300,""
93,GANGA AT ALLAHABAD D/S (SANGAM) U.P.,CPCB,9,Uttar Pradesh,120,Allahabad,Allahabad,-,-,-,-,-,-,-,-,25.41920600,81.90052200,27-04-2021 08:30,2.7,"",1100,""
94,GANGA AT ALLAHABAD D/S (SANGAM) U.P.,CPCB,9,Uttar Pradesh,120,Allahabad,Allahabad,-,-,-,-,-,-,-,-,25.41920600,81.90052200,10-05-2021 08:30,2.6,"",1200,""
95,GANGA AT ALLAHABAD D/S (SANGAM) U.P.,CPCB,9,Uttar Pradesh,120,Allahabad,Allahabad,-,-,-,-,-,-,-,-,25.41920600,81.90052200,29-05-2021 08:30,2.8,"",1200,""
96,GANGA AT ALLAHABAD D/S (SANGAM) U.P.,CPCB,9,Uttar Pradesh,120,Allahabad,Allahabad,-,-,-,-,-,-,-,-,25.41920600,81.90052200,15-06-2021 08:30,2.8,"",930,""
97,GANGA AT ALLAHABAD D/S (SANGAM) U.P.,CPCB,9,Uttar Pradesh,120,Allahabad,Allahabad,-,-,-,-,-,-,-,-,25.41920600,81.90052200,29-06-2021 08:30,2.9,"",1200,""
98,GANGA AT ALLAHABAD D/S (SANGAM) U.P.,CPCB,9,Uttar Pradesh,120,Allahabad,Allahabad,-,-,-,-,-,-,-,-,25.41920600,81.90052200,15-07-2021 08:30,2.7,"",920,""
99,GANGA AT ALLAHABAD D/S (SANGAM) U.P.,CPCB,9,Uttar Pradesh,120,Allahabad,Allahabad,-,-,-,-,-,-,-,-,25.41920600,81.90052200,30-07-2021 08:30,2.6,"",930,""
100,GANGA AT ALLAHABAD D/S (SANGAM) U.P.,CPCB,9,Uttar Pradesh,120,Allahabad,Allahabad,-,-,-,-,-,-,-,-,25.41920600,81.90052200,16-08-2021 08:30,2.8,"",1000,""
101,GANGA AT ALLAHABAD D/S (SANGAM) U.P.,CPCB,9,Uttar Pradesh,120,Allahabad,Allahabad,-,-,-,-,-,-,-,-,25.41920600,81.90052200,30-08-2021 08:30,2.7,"",830,""
102,GANGA AT ALLAHABAD D/S (SANGAM) U.P.,CPCB,9,Uttar Pradesh,120,Allahabad,Allahabad,-,-,-,-,-,-,-,-,25.41920600,81.90052200,12-09-2021 08:30,2.6,"",820,""
103,GANGA AT ALLAHABAD D/S (SANGAM) U.P.,CPCB,9,Uttar Pradesh,120,Allahabad,Allahabad,-,-,-,-,-,-,-,-,25.41920600,81.90052200,30-09-2021 08:30,2.6,"",780,""
104,GANGA AT ALLAHABAD D/S (SANGAM) U.P.,CPCB,9,Uttar Pradesh,120,Allahabad,Allahabad,-,-,-,-,-,-,-,-,25.41920600,81.90052200,15-10-2021 08:30,2.8,"",920,""
105,GANGA AT ALLAHABAD D/S (SANGAM) U.P.,CPCB,9,Uttar Pradesh,120,Allahabad,Allahabad,-,-,-,-,-,-,-,-,25.41920600,81.90052200,31-10-2021 08:30,2.8,"",1100,""
106,GANGA AT ALLAHABAD D/S (SANGAM) U.P.,CPCB,9,Uttar Pradesh,120,Allahabad,Allahabad,-,-,-,-,-,-,-,-,25.41920600,81.90052200,18-11-2021 08:30,2.7,"",680,""
107,GANGA AT ALLAHABAD D/S (SANGAM) U.P.,CPCB,9,Uttar Pradesh,120,Allahabad,Allahabad,-,-,-,-,-,-,-,-,25.41920600,81.90052200,28-11-2021 08:30,2.7,"",810,""
108,GANGA AT ALLAHABAD D/S (SANGAM) U.P.,CPCB,9,Uttar Pradesh,120,Allahabad,Allahabad,-,-,-,-,-,-,-,-,25.41920600,81.90052200,12-12-2021 08:30,2.6,"",830,""
109,GANGA AT ALLAHABAD D/S (SANGAM) U.P.,CPCB,9,Uttar Pradesh,120,Allahabad,Allahabad,-,-,-,-,-,-,-,-,25.41920600,81.90052200,30-12-2021 08:30,2.9,"","",""
110,GANGA AT ALLAHABAD (RASOOLABAD) U.P.,CPCB,9,Uttar Pradesh,120,Allahabad,Allahabad,-,-,-,-,-,-,-,-,25.50247400,81.85543900,04-01-2021 08:30,2.4,"",1100,""
111,GANGA AT ALLAHABAD (RASOOLABAD) U.P.,CPCB,9,Uttar Pradesh,120,Allahabad,Allahabad,-,-,-,-,-,-,-,-,25.50247400,81.85543900,21-01-2021 08:30,2.5,"",1100,""
112,GANGA AT ALLAHABAD (RASOOLABAD) U.P.,CPCB,9,Uttar Pradesh,120,Allahabad,Allahabad,-,-,-,-,-,-,-,-,25.50247400,81.85543900,18-02-2021 08:30,2.8,"",1200,""
113,GANGA AT ALLAHABAD (RASOOLABAD) U.P.,CPCB,9,Uttar Pradesh,120,Allahabad,Allahabad,-,-,-,-,-,-,-,-,25.50247400,81.85543900,28-02-2021 08:30,2.8,"",1300,""
114,GANGA AT ALLAHABAD (RASOOLABAD) U.P.,CPCB,9,Uttar Pradesh,120,Allahabad,Allahabad,-,-,-,-,-,-,-,-,25.50247400,81.85543900,07-03-2021 08:30,2.7,"",1100,""
115,GANGA AT ALLAHABAD (RASOOLABAD) U.P.,CPCB,9,Uttar Pradesh,120,Allahabad,Allahabad,-,-,-,-,-,-,-,-,25.50247400,81.85543900,21-03-2021 08:30,2.7,"",1200,""
116,GANGA AT ALLAHABAD (RASOOLABAD) U.P.,CPCB,9,Uttar Pradesh,120,Allahabad,Allahabad,-,-,-,-,-,-,-,-,25.50247400,81.85543900,08-04-2021 08:30,2.8,"",1100,""
117,GANGA AT ALLAHABAD (RASOOLABAD) U.P.,CPCB,9,Uttar Pradesh,120,Allahabad,Allahabad,-,-,-,-,-,-,-,-,25.50247400,81.85543900,27-04-2021 08:30,2.9,"",780,""
118,GANGA AT ALLAHABAD (RASOOLABAD) U.P.,CPCB,9,Uttar Pradesh,120,Allahabad,Allahabad,-,-,-,-,-,-,-,-,25.50247400,81.85543900,10-05-2021 08:30,2.8,"",1200,""
119,GANGA AT ALLAHABAD (RASOOLABAD) U.P.,CPCB,9,Uttar Pradesh,120,Allahabad,Allahabad,-,-,-,-,-,-,-,-,25.50247400,81.85543900,31-05-2021 08:30,2.9,"",1400,""
120,GANGA AT ALLAHABAD (RASOOLABAD) U.P.,CPCB,9,Uttar Pradesh,120,Allahabad,Allahabad,-,-,-,-,-,-,-,-,25.50247400,81.85543900,15-06-2021 08:30,2.7,"",1100,""
121,GANGA AT ALLAHABAD (RASOOLABAD) U.P.,CPCB,9,Uttar Pradesh,120,Allahabad,Allahabad,-,-,-,-,-,-,-,-,25.50247400,81.85543900,29-06-2021 08:30,2.8,"",1400,""
122,GANGA AT ALLAHABAD (RASOOLABAD) U.P.,CPCB,9,Uttar Pradesh,120,Allahabad,Allahabad,-,-,-,-,-,-,-,-,25.50247400,81.85543900,15-07-2021 08:30,2.8,"",920,""
123,GANGA AT ALLAHABAD (RASOOLABAD) U.P.,CPCB,9,Uttar Pradesh,120,Allahabad,Allahabad,-,-,-,-,-,-,-,-,25.50247400,81.85543900,30-07-2021 08:30,2.7,"",930,""
124,GANGA AT ALLAHABAD (RASOOLABAD) U.P.,CPCB,9,Uttar Pradesh,120,Allahabad,Allahabad,-,-,-,-,-,-,-,-,25.50247400,81.85543900,16-08-2021 08:30,2.7,"",930,""
125,GANGA AT ALLAHABAD (RASOOLABAD) U.P.,CPCB,9,Uttar Pradesh,120,Allahabad,Allahabad,-,-,-,-,-,-,-,-,25.50247400,81.85543900,30-08-2021 08:30,2.8,"",910,""
126,GANGA AT ALLAHABAD (RASOOLABAD) U.P.,CPCB,9,Uttar Pradesh,120,Allahabad,Allahabad,-,-,-,-,-,-,-,-,25.50247400,81.85543900,12-09-2021 08:30,2.8,"",910,""
127,GANGA AT ALLAHABAD (RASOOLABAD) U.P.,CPCB,9,Uttar Pradesh,120,Allahabad,Allahabad,-,-,-,-,-,-,-,-,25.50247400,81.85543900,30-09-2021 08:30,2.7,"",810,""
128,GANGA AT ALLAHABAD (RASOOLABAD) U.P.,CPCB,9,Uttar Pradesh,120,Allahabad,Allahabad,-,-,-,-,-,-,-,-,25.50247400,81.85543900,15-10-2021 08:30,2.6,"",810,""
129,GANGA AT ALLAHABAD (RASOOLABAD) U.P.,CPCB,9,Uttar Pradesh,120,Allahabad,Allahabad,-,-,-,-,-,-,-,-,25.50247400,81.85543900,31-10-2021 08:30,2.6,"",780,""
130,GANGA AT ALLAHABAD (RASOOLABAD) U.P.,CPCB,9,Uttar Pradesh,120,Allahabad,Allahabad,-,-,-,-,-,-,-,-,25.50247400,81.85543900,15-11-2021 08:30,2.8,"",820,""
131,GANGA AT ALLAHABAD (RASOOLABAD) U.P.,CPCB,9,Uttar Pradesh,120,Allahabad,Allahabad,-,-,-,-,-,-,-,-,25.50247400,81.85543900,18-11-2021 08:30,2.8,"",610,""
132,GANGA AT ALLAHABAD (RASOOLABAD) U.P.,CPCB,9,Uttar Pradesh,120,Allahabad,Allahabad,-,-,-,-,-,-,-,-,25.50247400,81.85543900,28-12-2021 08:30,2.8,"",680,""
133,GANGA AT ALLAHABAD (RASOOLABAD) U.P.,CPCB,9,Uttar Pradesh,120,Allahabad,Allahabad,-,-,-,-,-,-,-,-,25.50247400,81.85543900,30-12-2021 08:30,2.7,"","",""
134,GANGA AT BIJNOR (U.P.),CPCB,9,Uttar Pradesh,172,MUZAFFARNAGAR,JANSATH,-,-,-,-,-,-,-,-,29.37316400,78.03647400,27-01-2021 08:30,2,"",200,""
135,GANGA AT BIJNOR (U.P.),CPCB,9,Uttar Pradesh,172,MUZAFFARNAGAR,JANSATH,-,-,-,-,-,-,-,-,29.37316400,78.03647400,25-06-2021 08:30,1.6,"",13000,""
136,GANGA AT BIJNOR (U.P.),CPCB,9,Uttar Pradesh,172,MUZAFFARNAGAR,JANSATH,-,-,-,-,-,-,-,-,29.37316400,78.03647400,11-08-2021 08:30,1.2,"",7900,""
137,GANGA AT BIJNOR (U.P.),CPCB,9,Uttar Pradesh,172,MUZAFFARNAGAR,JANSATH,-,-,-,-,-,-,-,-,29.37316400,78.03647400,15-11-2021 08:30,1.7,"",170000,""
138,GANGA AT BITHOOR (KANPUR) U.P.,CPCB,9,Uttar Pradesh,157,KANPUR NAGAR,Kanpur Nagar,-,-,-,-,-,-,-,-,26.61090600,80.27541900,05-01-2021 08:30,3,"",2500,""
139,GANGA AT BITHOOR (KANPUR) U.P.,CPCB,9,Uttar Pradesh,157,KANPUR NAGAR,Kanpur Nagar,-,-,-,-,-,-,-,-,26.61090600,80.27541900,22-01-2021 08:30,3.1,"",2100,""
140,GANGA AT BITHOOR (KANPUR) U.P.,CPCB,9,Uttar Pradesh,157,KANPUR NAGAR,Kanpur Nagar,-,-,-,-,-,-,-,-,26.61090600,80.27541900,02-02-2021 08:30,3,"",1400,""
141,GANGA AT BITHOOR (KANPUR) U.P.,CPCB,9,Uttar Pradesh,157,KANPUR NAGAR,Kanpur Nagar,-,-,-,-,-,-,-,-,26.61090600,80.27541900,06-04-2021 08:30,3.1,"",1100,""
142,GANGA AT BITHOOR (KANPUR) U.P.,CPCB,9,Uttar Pradesh,157,KANPUR NAGAR,Kanpur Nagar,-,-,-,-,-,-,-,-,26.61090600,80.27541900,27-04-2021 08:30,3,"",1100,""
143,GANGA AT BITHOOR (KANPUR) U.P.,CPCB,9,Uttar Pradesh,157,KANPUR NAGAR,Kanpur Nagar,-,-,-,-,-,-,-,-,26.61090600,80.27541900,11-05-2021 08:30,3.1,"",1400,""
144,GANGA AT BITHOOR (KANPUR) U.P.,CPCB,9,Uttar Pradesh,157,KANPUR NAGAR,Kanpur Nagar,-,-,-,-,-,-,-,-,26.61090600,80.27541900,25-05-2021 08:30,3.1,"",1100,""
145,GANGA AT BITHOOR (KANPUR) U.P.,CPCB,9,Uttar Pradesh,157,KANPUR NAGAR,Kanpur Nagar,-,-,-,-,-,-,-,-,26.61090600,80.27541900,08-06-2021 08:30,3.3,"",1100,""
146,GANGA AT BITHOOR (KANPUR) U.P.,CPCB,9,Uttar Pradesh,157,KANPUR NAGAR,Kanpur Nagar,-,-,-,-,-,-,-,-,26.61090600,80.27541900,06-07-2021 08:30,3.3,"",1100,""
147,GANGA AT BITHOOR (KANPUR) U.P.,CPCB,9,Uttar Pradesh,157,KANPUR NAGAR,Kanpur Nagar,-,-,-,-,-,-,-,-,26.61090600,80.27541900,23-07-2021 08:30,3.1,"",1700,""
148,GANGA AT BITHOOR (KANPUR) U.P.,CPCB,9,Uttar Pradesh,157,KANPUR NAGAR,Kanpur Nagar,-,-,-,-,-,-,-,-,26.61090600,80.27541900,10-08-2021 08:30,3.2,"",1300,""
149,GANGA AT BITHOOR (KANPUR) U.P.,CPCB,9,Uttar Pradesh,157,KANPUR NAGAR,Kanpur Nagar,-,-,-,-,-,-,-,-,26.61090600,80.27541900,21-09-2021 08:30,"","",1700,""
150,GANGA AT BITHOOR (KANPUR) U.P.,CPCB,9,Uttar Pradesh,157,KANPUR NAGAR,Kanpur Nagar,-,-,-,-,-,-,-,-,26.61090600,80.27541900,21-10-2021 08:30,"","",1700,""
151,GANGA AT BITHOOR (KANPUR) U.P.,CPCB,9,Uttar Pradesh,157,KANPUR NAGAR,Kanpur Nagar,-,-,-,-,-,-,-,-,26.61090600,80.27541900,22-10-2021 08:30,"","",1700,""
152,GANGA AT BITHOOR (KANPUR) U.P.,CPCB,9,Uttar Pradesh,157,KANPUR NAGAR,Kanpur Nagar,-,-,-,-,-,-,-,-,26.61090600,80.27541900,10-11-2021 08:30,"","",1400,""
153,GANGA AT BITHOOR (KANPUR) U.P.,CPCB,9,Uttar Pradesh,157,KANPUR NAGAR,Kanpur Nagar,-,-,-,-,-,-,-,-,26.61090600,80.27541900,24-11-2021 08:30,3.3,"",1700,""
154,GANGA AT BITHOOR (KANPUR) U.P.,CPCB,9,Uttar Pradesh,157,KANPUR NAGAR,Kanpur Nagar,-,-,-,-,-,-,-,-,26.61090600,80.27541900,09-12-2021 08:30,3,"",1700,""
155,GANGA AT BITHOOR (KANPUR) U.P.,CPCB,9,Uttar Pradesh,157,KANPUR NAGAR,Kanpur Nagar,-,-,-,-,-,-,-,-,26.61090600,80.27541900,24-12-2021 08:30,3.1,"",1700,""
156,GANGA AT DALMAU (RAI BAREILLY) U.P.,CPCB,9,Uttar Pradesh,175,Raibareli,DALMAU,-,-,-,-,-,-,-,-,26.07438600,81.02407500,05-01-2021 08:30,3.6,"",1400,""
157,GANGA AT DALMAU (RAI BAREILLY) U.P.,CPCB,9,Uttar Pradesh,175,Raibareli,DALMAU,-,-,-,-,-,-,-,-,26.07438600,81.02407500,21-01-2021 08:30,3.5,"",1300,""
158,GANGA AT DALMAU (RAI BAREILLY) U.P.,CPCB,9,Uttar Pradesh,175,Raibareli,DALMAU,-,-,-,-,-,-,-,-,26.07438600,81.02407500,06-04-2021 08:30,4.3,"",1700,""
159,GANGA AT DALMAU (RAI BAREILLY) U.P.,CPCB,9,Uttar Pradesh,175,Raibareli,DALMAU,-,-,-,-,-,-,-,-,26.07438600,81.02407500,28-04-2021 08:30,4.4,"",2100,""
160,GANGA AT DALMAU (RAI BAREILLY) U.P.,CPCB,9,Uttar Pradesh,175,Raibareli,DALMAU,-,-,-,-,-,-,-,-,26.07438600,81.02407500,06-05-2021 08:30,4.3,"",1700,""
161,GANGA AT DALMAU (RAI BAREILLY) U.P.,CPCB,9,Uttar Pradesh,175,Raibareli,DALMAU,-,-,-,-,-,-,-,-,26.07438600,81.02407500,25-05-2021 08:30,4.2,"",1600,""
162,GANGA AT DALMAU (RAI BAREILLY) U.P.,CPCB,9,Uttar Pradesh,175,Raibareli,DALMAU,-,-,-,-,-,-,-,-,26.07438600,81.02407500,08-06-2021 08:30,3.9,"",1700,""
163,GANGA AT DALMAU (RAI BAREILLY) U.P.,CPCB,9,Uttar Pradesh,175,Raibareli,DALMAU,-,-,-,-,-,-,-,-,26.07438600,81.02407500,22-06-2021 08:30,4,"",1800,""
164,GANGA AT DALMAU (RAI BAREILLY) U.P.,CPCB,9,Uttar Pradesh,175,Raibareli,DALMAU,-,-,-,-,-,-,-,-,26.07438600,81.02407500,06-07-2021 08:30,4.2,"",1700,""
165,GANGA AT DALMAU (RAI BAREILLY) U.P.,CPCB,9,Uttar Pradesh,175,Raibareli,DALMAU,-,-,-,-,-,-,-,-,26.07438600,81.02407500,27-07-2021 08:30,4.2,"",2200,""
166,GANGA AT DALMAU (RAI BAREILLY) U.P.,CPCB,9,Uttar Pradesh,175,Raibareli,DALMAU,-,-,-,-,-,-,-,-,26.07438600,81.02407500,07-09-2021 08:30,4.5,"",1700,""
167,GANGA AT DALMAU (RAI BAREILLY) U.P.,CPCB,9,Uttar Pradesh,175,Raibareli,DALMAU,-,-,-,-,-,-,-,-,26.07438600,81.02407500,21-09-2021 08:30,4.4,"",1600,""
168,GANGA AT DALMAU (RAI BAREILLY) U.P.,CPCB,9,Uttar Pradesh,175,Raibareli,DALMAU,-,-,-,-,-,-,-,-,26.07438600,81.02407500,05-10-2021 08:30,4.2,"",1700,""
169,GANGA AT DALMAU (RAI BAREILLY) U.P.,CPCB,9,Uttar Pradesh,175,Raibareli,DALMAU,-,-,-,-,-,-,-,-,26.07438600,81.02407500,20-10-2021 08:30,3.9,"",1700,""
170,GANGA AT DALMAU (RAI BAREILLY) U.P.,CPCB,9,Uttar Pradesh,175,Raibareli,DALMAU,-,-,-,-,-,-,-,-,26.07438600,81.02407500,02-11-2021 08:30,4.1,"",1700,""
171,GANGA AT DALMAU (RAI BAREILLY) U.P.,CPCB,9,Uttar Pradesh,175,Raibareli,DALMAU,-,-,-,-,-,-,-,-,26.07438600,81.02407500,26-11-2021 08:30,3.9,"",1700,""
172,GANGA AT DALMAU (RAI BAREILLY) U.P.,CPCB,9,Uttar Pradesh,175,Raibareli,DALMAU,-,-,-,-,-,-,-,-,26.07438600,81.02407500,06-12-2021 08:30,3.9,"",1800,""
173,GANGA AT DALMAU (RAI BAREILLY) U.P.,CPCB,9,Uttar Pradesh,175,Raibareli,DALMAU,-,-,-,-,-,-,-,-,26.07438600,81.02407500,24-12-2021 08:30,3.7,"",1700,""
174,GANGA AT GARHMUKTESHWAR U.P,CPCB,9,Uttar Pradesh,154,JYOTIBA PHULE NAGAR,HASANPUR,-,-,-,-,-,-,-,-,28.76062000,78.14376600,07-01-2021 08:30,2.4,"",920,""
175,GANGA AT GARHMUKTESHWAR U.P,CPCB,9,Uttar Pradesh,154,JYOTIBA PHULE NAGAR,HASANPUR,-,-,-,-,-,-,-,-,28.76062000,78.14376600,18-01-2021 08:30,2.1,"",350,""
176,GANGA AT GARHMUKTESHWAR U.P,CPCB,9,Uttar Pradesh,154,JYOTIBA PHULE NAGAR,HASANPUR,-,-,-,-,-,-,-,-,28.76062000,78.14376600,02-02-2021 08:30,2.4,"",220,""
177,GANGA AT GARHMUKTESHWAR U.P,CPCB,9,Uttar Pradesh,154,JYOTIBA PHULE NAGAR,HASANPUR,-,-,-,-,-,-,-,-,28.76062000,78.14376600,23-02-2021 08:30,1.5,"",540,""
178,GANGA AT GARHMUKTESHWAR U.P,CPCB,9,Uttar Pradesh,154,JYOTIBA PHULE NAGAR,HASANPUR,-,-,-,-,-,-,-,-,28.76062000,78.14376600,09-03-2021 08:30,2.2,"",350,""
179,GANGA AT GARHMUKTESHWAR U.P,CPCB,9,Uttar Pradesh,154,JYOTIBA PHULE NAGAR,HASANPUR,-,-,-,-,-,-,-,-,28.76062000,78.14376600,23-03-2021 08:30,2,"",280,""
180,GANGA AT GARHMUKTESHWAR U.P,CPCB,9,Uttar Pradesh,154,JYOTIBA PHULE NAGAR,HASANPUR,-,-,-,-,-,-,-,-,28.76062000,78.14376600,06-04-2021 08:30,2.4,"",280,""
181,GANGA AT GARHMUKTESHWAR U.P,CPCB,9,Uttar Pradesh,154,JYOTIBA PHULE NAGAR,HASANPUR,-,-,-,-,-,-,-,-,28.76062000,78.14376600,27-04-2021 08:30,2,"",350,""
182,GANGA AT GARHMUKTESHWAR U.P,CPCB,9,Uttar Pradesh,154,JYOTIBA PHULE NAGAR,HASANPUR,-,-,-,-,-,-,-,-,28.76062000,78.14376600,07-05-2021 08:30,1.3,"",350,""
183,GANGA AT GARHMUKTESHWAR U.P,CPCB,9,Uttar Pradesh,154,JYOTIBA PHULE NAGAR,HASANPUR,-,-,-,-,-,-,-,-,28.76062000,78.14376600,28-05-2021 08:30,2,"",350,""
184,GANGA AT GARHMUKTESHWAR U.P,CPCB,9,Uttar Pradesh,154,JYOTIBA PHULE NAGAR,HASANPUR,-,-,-,-,-,-,-,-,28.76062000,78.14376600,04-06-2021 08:30,2.2,"",540,""
185,GANGA AT GARHMUKTESHWAR U.P,CPCB,9,Uttar Pradesh,154,JYOTIBA PHULE NAGAR,HASANPUR,-,-,-,-,-,-,-,-,28.76062000,78.14376600,25-06-2021 08:30,1.8,"",540,""
186,GANGA AT GARHMUKTESHWAR U.P,CPCB,9,Uttar Pradesh,154,JYOTIBA PHULE NAGAR,HASANPUR,-,-,-,-,-,-,-,-,28.76062000,78.14376600,06-07-2021 08:30,2.8,"",350,""
187,GANGA AT GARHMUKTESHWAR U.P,CPCB,9,Uttar Pradesh,154,JYOTIBA PHULE NAGAR,HASANPUR,-,-,-,-,-,-,-,-,28.76062000,78.14376600,20-07-2021 08:30,2.4,"",350,""
188,GANGA AT GARHMUKTESHWAR U.P,CPCB,9,Uttar Pradesh,154,JYOTIBA PHULE NAGAR,HASANPUR,-,-,-,-,-,-,-,-,28.76062000,78.14376600,10-08-2021 08:30,2.7,"",350,""
189,GANGA AT GARHMUKTESHWAR U.P,CPCB,9,Uttar Pradesh,154,JYOTIBA PHULE NAGAR,HASANPUR,-,-,-,-,-,-,-,-,28.76062000,78.14376600,31-08-2021 08:30,1.6,"",350,""
190,GANGA AT GARHMUKTESHWAR U.P,CPCB,9,Uttar Pradesh,154,JYOTIBA PHULE NAGAR,HASANPUR,-,-,-,-,-,-,-,-,28.76062000,78.14376600,10-09-2021 08:30,1.8,"",540,""
191,GANGA AT GARHMUKTESHWAR U.P,CPCB,9,Uttar Pradesh,154,JYOTIBA PHULE NAGAR,HASANPUR,-,-,-,-,-,-,-,-,28.76062000,78.14376600,28-09-2021 08:30,1.5,"",210,""
192,GANGA AT GARHMUKTESHWAR U.P,CPCB,9,Uttar Pradesh,154,JYOTIBA PHULE NAGAR,HASANPUR,-,-,-,-,-,-,-,-,28.76062000,78.14376600,12-10-2021 08:30,2.4,"","",""
193,GANGA AT GARHMUKTESHWAR U.P,CPCB,9,Uttar Pradesh,154,JYOTIBA PHULE NAGAR,HASANPUR,-,-,-,-,-,-,-,-,28.76062000,78.14376600,26-10-2021 08:30,1.8,"",540,""
194,GANGA AT GARHMUKTESHWAR U.P,CPCB,9,Uttar Pradesh,154,JYOTIBA PHULE NAGAR,HASANPUR,-,-,-,-,-,-,-,-,28.76062000,78.14376600,02-11-2021 08:30,1.6,"",220,""
195,GANGA AT GARHMUKTESHWAR U.P,CPCB,9,Uttar Pradesh,154,JYOTIBA PHULE NAGAR,HASANPUR,-,-,-,-,-,-,-,-,28.76062000,78.14376600,19-11-2021 08:30,1.5,"",220,""
196,GANGA AT KACHHLA GHAT ALIGARH,CPCB,9,Uttar Pradesh,133,BUDAUN,Budaun,-,-,-,-,-,-,-,-,27.92780300,78.86628900,03-02-2021 08:30,1.3,"",320,""
197,GANGA AT KACHHLA GHAT ALIGARH,CPCB,9,Uttar Pradesh,133,BUDAUN,Budaun,-,-,-,-,-,-,-,-,27.92780300,78.86628900,09-03-2021 08:30,1.3,"",230,""
198,GANGA AT KACHHLA GHAT ALIGARH,CPCB,9,Uttar Pradesh,133,BUDAUN,Budaun,-,-,-,-,-,-,-,-,27.92780300,78.86628900,06-04-2021 08:30,1.2,"",210,""
199,GANGA AT KACHHLA GHAT ALIGARH,CPCB,9,Uttar Pradesh,133,BUDAUN,Budaun,-,-,-,-,-,-,-,-,27.92780300,78.86628900,27-04-2021 08:30,1.3,"",220,""
200,GANGA AT KACHHLA GHAT ALIGARH,CPCB,9,Uttar Pradesh,133,BUDAUN,Budaun,-,-,-,-,-,-,-,-,27.92780300,78.86628900,11-08-2021 08:30,1.1,"",170,""
201,GANGA AT KACHHLA GHAT ALIGARH,CPCB,9,Uttar Pradesh,133,BUDAUN,Budaun,-,-,-,-,-,-,-,-,27.92780300,78.86628900,31-08-2021 08:30,1.4,"",200,""
202,GANGA AT KACHHLA GHAT ALIGARH,CPCB,9,Uttar Pradesh,133,BUDAUN,Budaun,-,-,-,-,-,-,-,-,27.92780300,78.86628900,15-09-2021 08:30,1.2,"",220,""
203,GANGA AT KACHHLA GHAT ALIGARH,CPCB,9,Uttar Pradesh,133,BUDAUN,Budaun,-,-,-,-,-,-,-,-,27.92780300,78.86628900,29-09-2021 08:30,1.1,"",260,""
204,GANGA AT KACHHLA GHAT ALIGARH,CPCB,9,Uttar Pradesh,133,BUDAUN,Budaun,-,-,-,-,-,-,-,-,27.92780300,78.86628900,12-10-2021 08:30,"","",270,""
205,GANGA AT KACHHLA GHAT ALIGARH,CPCB,9,Uttar Pradesh,133,BUDAUN,Budaun,-,-,-,-,-,-,-,-,27.92780300,78.86628900,27-10-2021 08:30,1.2,"",280,""
206,GANGA AT KACHHLA GHAT ALIGARH,CPCB,9,Uttar Pradesh,133,BUDAUN,Budaun,-,-,-,-,-,-,-,-,27.92780300,78.86628900,10-12-2021 08:30,1.3,"",220,""
207,GANGA AT KACHHLA GHAT ALIGARH,CPCB,9,Uttar Pradesh,133,BUDAUN,Budaun,-,-,-,-,-,-,-,-,27.92780300,78.86628900,28-12-2021 08:30,1.1,"",260,""
208,GANGA AT KADAGHAT ALLAHABAD,CPCB,9,Uttar Pradesh,120,Allahabad,Allahabad,-,-,-,-,-,-,-,-,25.44312400,81.88714800,04-01-2021 08:30,2,"",1300,""
209,GANGA AT KADAGHAT ALLAHABAD,CPCB,9,Uttar Pradesh,120,Allahabad,Allahabad,-,-,-,-,-,-,-,-,25.44312400,81.88714800,21-01-2021 08:30,2.7,"",1000,""
210,GANGA AT KADAGHAT ALLAHABAD,CPCB,9,Uttar Pradesh,120,Allahabad,Allahabad,-,-,-,-,-,-,-,-,25.44312400,81.88714800,18-02-2021 08:30,2.7,"",1100,""
211,GANGA AT KADAGHAT ALLAHABAD,CPCB,9,Uttar Pradesh,120,Allahabad,Allahabad,-,-,-,-,-,-,-,-,25.44312400,81.88714800,28-02-2021 08:30,2.8,"",1400,""
212,GANGA AT KADAGHAT ALLAHABAD,CPCB,9,Uttar Pradesh,120,Allahabad,Allahabad,-,-,-,-,-,-,-,-,25.44312400,81.88714800,07-03-2021 08:30,2.8,"",1300,""
213,GANGA AT KADAGHAT ALLAHABAD,CPCB,9,Uttar Pradesh,120,Allahabad,Allahabad,-,-,-,-,-,-,-,-,25.44312400,81.88714800,21-03-2021 08:30,2.6,"",1300,""
214,GANGA AT KADAGHAT ALLAHABAD,CPCB,9,Uttar Pradesh,120,Allahabad,Allahabad,-,-,-,-,-,-,-,-,25.44312400,81.88714800,08-04-2021 08:30,2.6,"",780,""
215,GANGA AT KADAGHAT ALLAHABAD,CPCB,9,Uttar Pradesh,120,Allahabad,Allahabad,-,-,-,-,-,-,-,-,25.44312400,81.88714800,26-04-2021 08:30,2.7,"",680,""
216,GANGA AT KADAGHAT ALLAHABAD,CPCB,9,Uttar Pradesh,120,Allahabad,Allahabad,-,-,-,-,-,-,-,-,25.44312400,81.88714800,10-05-2021 08:30,2.5,"",810,""
217,GANGA AT KADAGHAT ALLAHABAD,CPCB,9,Uttar Pradesh,120,Allahabad,Allahabad,-,-,-,-,-,-,-,-,25.44312400,81.88714800,30-05-2021 08:30,2.4,"",1100,""
218,GANGA AT KADAGHAT ALLAHABAD,CPCB,9,Uttar Pradesh,120,Allahabad,Allahabad,-,-,-,-,-,-,-,-,25.44312400,81.88714800,13-06-2021 08:30,2.8,"",920,""
219,GANGA AT KADAGHAT ALLAHABAD,CPCB,9,Uttar Pradesh,120,Allahabad,Allahabad,-,-,-,-,-,-,-,-,25.44312400,81.88714800,27-06-2021 08:30,2.7,"",1200,""
220,GANGA AT KADAGHAT ALLAHABAD,CPCB,9,Uttar Pradesh,120,Allahabad,Allahabad,-,-,-,-,-,-,-,-,25.44312400,81.88714800,15-07-2021 08:30,2.8,"",930,""
221,GANGA AT KADAGHAT ALLAHABAD,CPCB,9,Uttar Pradesh,120,Allahabad,Allahabad,-,-,-,-,-,-,-,-,25.44312400,81.88714800,26-07-2021 08:30,"","",220,""
222,GANGA AT KADAGHAT ALLAHABAD,CPCB,9,Uttar Pradesh,120,Allahabad,Allahabad,-,-,-,-,-,-,-,-,25.44312400,81.88714800,15-08-2021 08:30,2.6,"",840,""
223,GANGA AT KADAGHAT ALLAHABAD,CPCB,9,Uttar Pradesh,120,Allahabad,Allahabad,-,-,-,-,-,-,-,-,25.44312400,81.88714800,30-08-2021 08:30,2.6,"",820,""
224,GANGA AT KADAGHAT ALLAHABAD,CPCB,9,Uttar Pradesh,120,Allahabad,Allahabad,-,-,-,-,-,-,-,-,25.44312400,81.88714800,13-09-2021 08:30,2.7,"",910,""
225,GANGA AT KADAGHAT ALLAHABAD,CPCB,9,Uttar Pradesh,120,Allahabad,Allahabad,-,-,-,-,-,-,-,-,25.44312400,81.88714800,30-09-2021 08:30,2.7,"",810,""
226,GANGA AT KADAGHAT ALLAHABAD,CPCB,9,Uttar Pradesh,120,Allahabad,Allahabad,-,-,-,-,-,-,-,-,25.44312400,81.88714800,14-10-2021 08:30,2.7,"",820,""
227,GANGA AT KADAGHAT ALLAHABAD,CPCB,9,Uttar Pradesh,120,Allahabad,Allahabad,-,-,-,-,-,-,-,-,25.44312400,81.88714800,31-10-2021 08:30,2.6,"",710,""
228,GANGA AT KADAGHAT ALLAHABAD,CPCB,9,Uttar Pradesh,120,Allahabad,Allahabad,-,-,-,-,-,-,-,-,25.44312400,81.88714800,18-11-2021 08:30,2.8,"",780,""
229,GANGA AT KADAGHAT ALLAHABAD,CPCB,9,Uttar Pradesh,120,Allahabad,Allahabad,-,-,-,-,-,-,-,-,25.44312400,81.88714800,28-11-2021 08:30,2.8,"",820,""
230,GANGA AT KADAGHAT ALLAHABAD,CPCB,9,Uttar Pradesh,120,Allahabad,Allahabad,-,-,-,-,-,-,-,-,25.44312400,81.88714800,12-12-2021 08:30,2.9,"",810,""
231,GANGA AT KADAGHAT ALLAHABAD,CPCB,9,Uttar Pradesh,120,Allahabad,Allahabad,-,-,-,-,-,-,-,-,25.44312400,81.88714800,30-12-2021 08:30,2.7,"","",""
232,GANGA AT KALA KANKAR RAEBARELI,CPCB,9,Uttar Pradesh,174,PRATAPGARH,KUNDA,-,-,-,-,-,-,-,-,25.77429300,81.38267300,05-01-2021 08:30,3.5,"",1300,""
233,GANGA AT KALA KANKAR RAEBARELI,CPCB,9,Uttar Pradesh,174,PRATAPGARH,KUNDA,-,-,-,-,-,-,-,-,25.77429300,81.38267300,06-04-2021 08:30,4.2,"",1700,""
234,GANGA AT KALA KANKAR RAEBARELI,CPCB,9,Uttar Pradesh,174,PRATAPGARH,KUNDA,-,-,-,-,-,-,-,-,25.77429300,81.38267300,28-04-2021 08:30,4.3,"",1700,""
235,GANGA AT KALA KANKAR RAEBARELI,CPCB,9,Uttar Pradesh,174,PRATAPGARH,KUNDA,-,-,-,-,-,-,-,-,25.77429300,81.38267300,08-06-2021 08:30,4,"",1600,""
236,GANGA AT KALA KANKAR RAEBARELI,CPCB,9,Uttar Pradesh,174,PRATAPGARH,KUNDA,-,-,-,-,-,-,-,-,25.77429300,81.38267300,22-06-2021 08:30,3.9,"",1700,""
237,GANGA AT KALA KANKAR RAEBARELI,CPCB,9,Uttar Pradesh,174,PRATAPGARH,KUNDA,-,-,-,-,-,-,-,-,25.77429300,81.38267300,03-08-2021 08:30,4.1,"",1700,""
238,GANGA AT KALA KANKAR RAEBARELI,CPCB,9,Uttar Pradesh,174,PRATAPGARH,KUNDA,-,-,-,-,-,-,-,-,25.77429300,81.38267300,24-08-2021 08:30,4.3,"",1400,""
239,GANGA AT KALA KANKAR RAEBARELI,CPCB,9,Uttar Pradesh,174,PRATAPGARH,KUNDA,-,-,-,-,-,-,-,-,25.77429300,81.38267300,07-09-2021 08:30,4.3,"",1600,""
240,GANGA AT KALA KANKAR RAEBARELI,CPCB,9,Uttar Pradesh,174,PRATAPGARH,KUNDA,-,-,-,-,-,-,-,-,25.77429300,81.38267300,21-09-2021 08:30,4.3,"",1600,""
241,GANGA AT KALA KANKAR RAEBARELI,CPCB,9,Uttar Pradesh,174,PRATAPGARH,KUNDA,-,-,-,-,-,-,-,-,25.77429300,81.38267300,05-10-2021 08:30,4.3,"",1700,""
242,GANGA AT KALA KANKAR RAEBARELI,CPCB,9,Uttar Pradesh,174,PRATAPGARH,KUNDA,-,-,-,-,-,-,-,-,25.77429300,81.38267300,20-10-2021 08:30,4,"",1700,""
243,GANGA AT KALA KANKAR RAEBARELI,CPCB,9,Uttar Pradesh,174,PRATAPGARH,KUNDA,-,-,-,-,-,-,-,-,25.77429300,81.38267300,02-11-2021 08:30,4.1,"",1600,""
244,GANGA AT KALA KANKAR RAEBARELI,CPCB,9,Uttar Pradesh,174,PRATAPGARH,KUNDA,-,-,-,-,-,-,-,-,25.77429300,81.38267300,26-11-2021 08:30,3.8,"",1600,""
245,GANGA AT KALA KANKAR RAEBARELI,CPCB,9,Uttar Pradesh,174,PRATAPGARH,KUNDA,-,-,-,-,-,-,-,-,25.77429300,81.38267300,06-12-2021 08:30,4,"",1800,""
246,GANGA AT KALA KANKAR RAEBARELI,CPCB,9,Uttar Pradesh,174,PRATAPGARH,KUNDA,-,-,-,-,-,-,-,-,25.77429300,81.38267300,24-12-2021 08:30,3.9,"",1800,""
247,GANGA AT KANNAUJ D/S U.P,CPCB,9,Uttar Pradesh,155,KANNAUJ,KANNAUJ,-,-,-,-,-,-,-,-,27.01095300,79.98644200,05-01-2021 08:30,3.5,"",2500,""
248,GANGA AT KANNAUJ D/S U.P,CPCB,9,Uttar Pradesh,155,KANNAUJ,KANNAUJ,-,-,-,-,-,-,-,-,27.01095300,79.98644200,22-01-2021 08:30,2.6,"",1700,""
249,GANGA AT KANNAUJ D/S U.P,CPCB,9,Uttar Pradesh,155,KANNAUJ,KANNAUJ,-,-,-,-,-,-,-,-,27.01095300,79.98644200,02-02-2021 08:30,2.9,"",1600,""
250,GANGA AT KANNAUJ D/S U.P,CPCB,9,Uttar Pradesh,155,KANNAUJ,KANNAUJ,-,-,-,-,-,-,-,-,27.01095300,79.98644200,24-02-2021 08:30,3,"",1300,""
251,GANGA AT KANNAUJ D/S U.P,CPCB,9,Uttar Pradesh,155,KANNAUJ,KANNAUJ,-,-,-,-,-,-,-,-,27.01095300,79.98644200,06-04-2021 08:30,2.9,"",1600,""
252,GANGA AT KANNAUJ D/S U.P,CPCB,9,Uttar Pradesh,155,KANNAUJ,KANNAUJ,-,-,-,-,-,-,-,-,27.01095300,79.98644200,27-04-2021 08:30,2.7,"",1700,""
253,GANGA AT KANNAUJ D/S U.P,CPCB,9,Uttar Pradesh,155,KANNAUJ,KANNAUJ,-,-,-,-,-,-,-,-,27.01095300,79.98644200,11-05-2021 08:30,2.8,"",1600,""
254,GANGA AT KANNAUJ D/S U.P,CPCB,9,Uttar Pradesh,155,KANNAUJ,KANNAUJ,-,-,-,-,-,-,-,-,27.01095300,79.98644200,25-05-2021 08:30,2.8,"",1600,""
255,GANGA AT KANNAUJ D/S U.P,CPCB,9,Uttar Pradesh,155,KANNAUJ,KANNAUJ,-,-,-,-,-,-,-,-,27.01095300,79.98644200,08-06-2021 08:30,3,"",1600,""
256,GANGA AT KANNAUJ D/S U.P,CPCB,9,Uttar Pradesh,155,KANNAUJ,KANNAUJ,-,-,-,-,-,-,-,-,27.01095300,79.98644200,22-06-2021 08:30,3.4,"",1600,""
257,GANGA AT KANNAUJ D/S U.P,CPCB,9,Uttar Pradesh,155,KANNAUJ,KANNAUJ,-,-,-,-,-,-,-,-,27.01095300,79.98644200,06-07-2021 08:30,3.4,"",1700,""
258,GANGA AT KANNAUJ D/S U.P,CPCB,9,Uttar Pradesh,155,KANNAUJ,KANNAUJ,-,-,-,-,-,-,-,-,27.01095300,79.98644200,23-07-2021 08:30,5.3,"",2100,""
259,GANGA AT KANNAUJ D/S U.P,CPCB,9,Uttar Pradesh,155,KANNAUJ,KANNAUJ,-,-,-,-,-,-,-,-,27.01095300,79.98644200,10-08-2021 08:30,3.2,"",1700,""
260,GANGA AT KANNAUJ D/S U.P,CPCB,9,Uttar Pradesh,155,KANNAUJ,KANNAUJ,-,-,-,-,-,-,-,-,27.01095300,79.98644200,21-09-2021 08:30,"","",1700,""
261,GANGA AT KANNAUJ D/S U.P,CPCB,9,Uttar Pradesh,155,KANNAUJ,KANNAUJ,-,-,-,-,-,-,-,-,27.01095300,79.98644200,08-11-2021 08:30,"","",2100,""
262,GANGA AT KANNAUJ D/S U.P,CPCB,9,Uttar Pradesh,155,KANNAUJ,KANNAUJ,-,-,-,-,-,-,-,-,27.01095300,79.98644200,22-11-2021 08:30,"","",2200,""
263,GANGA AT KANNAUJ D/S U.P,CPCB,9,Uttar Pradesh,155,KANNAUJ,KANNAUJ,-,-,-,-,-,-,-,-,27.01095300,79.98644200,06-12-2021 08:30,3.1,"",2100,""
264,GANGA AT KANNAUJ D/S U.P,CPCB,9,Uttar Pradesh,155,KANNAUJ,KANNAUJ,-,-,-,-,-,-,-,-,27.01095300,79.98644200,24-12-2021 08:30,3.2,"",2000,""
265,GANGA AT KANNAUJ U/S (RAJGHAT) U.P,CPCB,9,Uttar Pradesh,150,HARDOI,BILGRAM,-,-,-,-,-,-,-,-,27.13845100,79.93077500,05-01-2021 08:30,3.3,"",1700,""
266,GANGA AT KANNAUJ U/S (RAJGHAT) U.P,CPCB,9,Uttar Pradesh,150,HARDOI,BILGRAM,-,-,-,-,-,-,-,-,27.13845100,79.93077500,22-01-2021 08:30,2.4,"",1400,""
267,GANGA AT KANNAUJ U/S (RAJGHAT) U.P,CPCB,9,Uttar Pradesh,150,HARDOI,BILGRAM,-,-,-,-,-,-,-,-,27.13845100,79.93077500,02-02-2021 08:30,2.5,"",1500,""
268,GANGA AT KANNAUJ U/S (RAJGHAT) U.P,CPCB,9,Uttar Pradesh,150,HARDOI,BILGRAM,-,-,-,-,-,-,-,-,27.13845100,79.93077500,24-02-2021 08:30,2.8,"",1200,""
269,GANGA AT KANNAUJ U/S (RAJGHAT) U.P,CPCB,9,Uttar Pradesh,150,HARDOI,BILGRAM,-,-,-,-,-,-,-,-,27.13845100,79.93077500,06-04-2021 08:30,2.6,"",1100,""
270,GANGA AT KANNAUJ U/S (RAJGHAT) U.P,CPCB,9,Uttar Pradesh,150,HARDOI,BILGRAM,-,-,-,-,-,-,-,-,27.13845100,79.93077500,27-04-2021 08:30,2.4,"",1400,""
271,GANGA AT KANNAUJ U/S (RAJGHAT) U.P,CPCB,9,Uttar Pradesh,150,HARDOI,BILGRAM,-,-,-,-,-,-,-,-,27.13845100,79.93077500,25-05-2021 08:30,2.6,"",1300,""
272,GANGA AT KANNAUJ U/S (RAJGHAT) U.P,CPCB,9,Uttar Pradesh,150,HARDOI,BILGRAM,-,-,-,-,-,-,-,-,27.13845100,79.93077500,08-06-2021 08:30,2.8,"",1100,""
273,GANGA AT KANNAUJ U/S (RAJGHAT) U.P,CPCB,9,Uttar Pradesh,150,HARDOI,BILGRAM,-,-,-,-,-,-,-,-,27.13845100,79.93077500,22-06-2021 08:30,2.6,"",1300,""
274,GANGA AT KANNAUJ U/S (RAJGHAT) U.P,CPCB,9,Uttar Pradesh,150,HARDOI,BILGRAM,-,-,-,-,-,-,-,-,27.13845100,79.93077500,06-07-2021 08:30,3.1,"",1300,""
275,GANGA AT KANNAUJ U/S (RAJGHAT) U.P,CPCB,9,Uttar Pradesh,150,HARDOI,BILGRAM,-,-,-,-,-,-,-,-,27.13845100,79.93077500,23-07-2021 08:30,3.1,"",1700,""
276,GANGA AT KANNAUJ U/S (RAJGHAT) U.P,CPCB,9,Uttar Pradesh,150,HARDOI,BILGRAM,-,-,-,-,-,-,-,-,27.13845100,79.93077500,10-08-2021 08:30,3,"",1100,""
277,GANGA AT KANNAUJ U/S (RAJGHAT) U.P,CPCB,9,Uttar Pradesh,150,HARDOI,BILGRAM,-,-,-,-,-,-,-,-,27.13845100,79.93077500,12-09-2021 08:30,"","",1700,""
278,GANGA AT KANNAUJ U/S (RAJGHAT) U.P,CPCB,9,Uttar Pradesh,150,HARDOI,BILGRAM,-,-,-,-,-,-,-,-,27.13845100,79.93077500,08-11-2021 08:30,"","",1700,""
279,GANGA AT KANNAUJ U/S (RAJGHAT) U.P,CPCB,9,Uttar Pradesh,150,HARDOI,BILGRAM,-,-,-,-,-,-,-,-,27.13845100,79.93077500,22-11-2021 08:30,3,"",1700,""
280,GANGA AT KANNAUJ U/S (RAJGHAT) U.P,CPCB,9,Uttar Pradesh,150,HARDOI,BILGRAM,-,-,-,-,-,-,-,-,27.13845100,79.93077500,06-12-2021 08:30,2.9,"",1100,""
281,GANGA AT KANNAUJ U/S (RAJGHAT) U.P,CPCB,9,Uttar Pradesh,150,HARDOI,BILGRAM,-,-,-,-,-,-,-,-,27.13845100,79.93077500,24-12-2021 08:30,3,"",1400,""
282,GANGA AT KANPUR D/S (JAJMAU PUMPING STATION) U.P,CPCB,9,Uttar Pradesh,186,UNNAO,PURWA,-,-,-,-,-,-,-,-,26.43618500,80.40961000,05-01-2021 08:30,4,"",21000,""
283,GANGA AT KANPUR D/S (JAJMAU PUMPING STATION) U.P,CPCB,9,Uttar Pradesh,186,UNNAO,PURWA,-,-,-,-,-,-,-,-,26.43618500,80.40961000,22-01-2021 08:30,4.1,"",17000,""
284,GANGA AT KANPUR D/S (JAJMAU PUMPING STATION) U.P,CPCB,9,Uttar Pradesh,186,UNNAO,PURWA,-,-,-,-,-,-,-,-,26.43618500,80.40961000,02-02-2021 08:30,4.2,"",15000,""
285,GANGA AT KANPUR D/S (JAJMAU PUMPING STATION) U.P,CPCB,9,Uttar Pradesh,186,UNNAO,PURWA,-,-,-,-,-,-,-,-,26.43618500,80.40961000,06-04-2021 08:30,4.2,"",14000,""
286,GANGA AT KANPUR D/S (JAJMAU PUMPING STATION) U.P,CPCB,9,Uttar Pradesh,186,UNNAO,PURWA,-,-,-,-,-,-,-,-,26.43618500,80.40961000,27-04-2021 08:30,4.2,"",14000,""
287,GANGA AT KANPUR D/S (JAJMAU PUMPING STATION) U.P,CPCB,9,Uttar Pradesh,186,UNNAO,PURWA,-,-,-,-,-,-,-,-,26.43618500,80.40961000,11-05-2021 08:30,3.9,"",7900,""
288,GANGA AT KANPUR D/S (JAJMAU PUMPING STATION) U.P,CPCB,9,Uttar Pradesh,186,UNNAO,PURWA,-,-,-,-,-,-,-,-,26.43618500,80.40961000,25-05-2021 08:30,4.1,"",11000,""
289,GANGA AT KANPUR D/S (JAJMAU PUMPING STATION) U.P,CPCB,9,Uttar Pradesh,186,UNNAO,PURWA,-,-,-,-,-,-,-,-,26.43618500,80.40961000,08-06-2021 08:30,4.2,"",7900,""
290,GANGA AT KANPUR D/S (JAJMAU PUMPING STATION) U.P,CPCB,9,Uttar Pradesh,186,UNNAO,PURWA,-,-,-,-,-,-,-,-,26.43618500,80.40961000,06-07-2021 08:30,4.6,"",14000,""
291,GANGA AT KANPUR D/S (JAJMAU PUMPING STATION) U.P,CPCB,9,Uttar Pradesh,186,UNNAO,PURWA,-,-,-,-,-,-,-,-,26.43618500,80.40961000,23-07-2021 08:30,4.2,"",9200,""
292,GANGA AT KANPUR D/S (JAJMAU PUMPING STATION) U.P,CPCB,9,Uttar Pradesh,186,UNNAO,PURWA,-,-,-,-,-,-,-,-,26.43618500,80.40961000,10-08-2021 08:30,4.2,"",8400,""
293,GANGA AT KANPUR D/S (JAJMAU PUMPING STATION) U.P,CPCB,9,Uttar Pradesh,186,UNNAO,PURWA,-,-,-,-,-,-,-,-,26.43618500,80.40961000,21-09-2021 08:30,"","",7900,""
294,GANGA AT KANPUR D/S (JAJMAU PUMPING STATION) U.P,CPCB,9,Uttar Pradesh,186,UNNAO,PURWA,-,-,-,-,-,-,-,-,26.43618500,80.40961000,22-10-2021 08:30,"","",9800,""
295,GANGA AT KANPUR D/S (JAJMAU PUMPING STATION) U.P,CPCB,9,Uttar Pradesh,186,UNNAO,PURWA,-,-,-,-,-,-,-,-,26.43618500,80.40961000,10-11-2021 08:30,"","",8400,""
296,GANGA AT KANPUR D/S (JAJMAU PUMPING STATION) U.P,CPCB,9,Uttar Pradesh,186,UNNAO,PURWA,-,-,-,-,-,-,-,-,26.43618500,80.40961000,24-11-2021 08:30,4.3,"",9800,""
297,GANGA AT KANPUR D/S (JAJMAU PUMPING STATION) U.P,CPCB,9,Uttar Pradesh,186,UNNAO,PURWA,-,-,-,-,-,-,-,-,26.43618500,80.40961000,09-12-2021 08:30,4.4,"",6800,""
298,GANGA AT KANPUR D/S (JAJMAU PUMPING STATION) U.P,CPCB,9,Uttar Pradesh,186,UNNAO,PURWA,-,-,-,-,-,-,-,-,26.43618500,80.40961000,25-12-2021 08:30,4.6,"",7000,""
299,GANGA AT KANPUR U/S (RANIGHAT) U.P,CPCB,9,Uttar Pradesh,157,KANPUR NAGAR,Kanpur Nagar,-,-,-,-,-,-,-,-,26.50554200,80.31434400,05-01-2021 08:30,3.1,"",3500,""
300,GANGA AT KANPUR U/S (RANIGHAT) U.P,CPCB,9,Uttar Pradesh,157,KANPUR NAGAR,Kanpur Nagar,-,-,-,-,-,-,-,-,26.50554200,80.31434400,22-01-2021 08:30,3.2,"",3200,""
301,GANGA AT KANPUR U/S (RANIGHAT) U.P,CPCB,9,Uttar Pradesh,157,KANPUR NAGAR,Kanpur Nagar,-,-,-,-,-,-,-,-,26.50554200,80.31434400,02-02-2021 08:30,3.3,"",2800,""
302,GANGA AT KANPUR U/S (RANIGHAT) U.P,CPCB,9,Uttar Pradesh,157,KANPUR NAGAR,Kanpur Nagar,-,-,-,-,-,-,-,-,26.50554200,80.31434400,06-04-2021 08:30,3.2,"",2500,""
303,GANGA AT KANPUR U/S (RANIGHAT) U.P,CPCB,9,Uttar Pradesh,157,KANPUR NAGAR,Kanpur Nagar,-,-,-,-,-,-,-,-,26.50554200,80.31434400,27-04-2021 08:30,3.1,"",1700,""
304,GANGA AT KANPUR U/S (RANIGHAT) U.P,CPCB,9,Uttar Pradesh,157,KANPUR NAGAR,Kanpur Nagar,-,-,-,-,-,-,-,-,26.50554200,80.31434400,11-05-2021 08:30,3.2,"",1700,""
305,GANGA AT KANPUR U/S (RANIGHAT) U.P,CPCB,9,Uttar Pradesh,157,KANPUR NAGAR,Kanpur Nagar,-,-,-,-,-,-,-,-,26.50554200,80.31434400,25-05-2021 08:30,3.4,"",1800,""
306,GANGA AT KANPUR U/S (RANIGHAT) U.P,CPCB,9,Uttar Pradesh,157,KANPUR NAGAR,Kanpur Nagar,-,-,-,-,-,-,-,-,26.50554200,80.31434400,08-06-2021 08:30,3.6,"",2500,""
307,GANGA AT KANPUR U/S (RANIGHAT) U.P,CPCB,9,Uttar Pradesh,157,KANPUR NAGAR,Kanpur Nagar,-,-,-,-,-,-,-,-,26.50554200,80.31434400,06-07-2021 08:30,3.9,"",1700,""
308,GANGA AT KANPUR U/S (RANIGHAT) U.P,CPCB,9,Uttar Pradesh,157,KANPUR NAGAR,Kanpur Nagar,-,-,-,-,-,-,-,-,26.50554200,80.31434400,23-07-2021 08:30,3.3,"",2500,""
309,GANGA AT KANPUR U/S (RANIGHAT) U.P,CPCB,9,Uttar Pradesh,157,KANPUR NAGAR,Kanpur Nagar,-,-,-,-,-,-,-,-,26.50554200,80.31434400,10-08-2021 08:30,3.3,"",2100,""
310,GANGA AT KANPUR U/S (RANIGHAT) U.P,CPCB,9,Uttar Pradesh,157,KANPUR NAGAR,Kanpur Nagar,-,-,-,-,-,-,-,-,26.50554200,80.31434400,21-09-2021 08:30,"","",2100,""
311,GANGA AT KANPUR U/S (RANIGHAT) U.P,CPCB,9,Uttar Pradesh,157,KANPUR NAGAR,Kanpur Nagar,-,-,-,-,-,-,-,-,26.50554200,80.31434400,22-10-2021 08:30,"","",2200,""
312,GANGA AT KANPUR U/S (RANIGHAT) U.P,CPCB,9,Uttar Pradesh,157,KANPUR NAGAR,Kanpur Nagar,-,-,-,-,-,-,-,-,26.50554200,80.31434400,10-11-2021 08:30,"","",1800,""
313,GANGA AT KANPUR U/S (RANIGHAT) U.P,CPCB,9,Uttar Pradesh,157,KANPUR NAGAR,Kanpur Nagar,-,-,-,-,-,-,-,-,26.50554200,80.31434400,24-11-2021 08:30,3.7,"",2000,""
314,GANGA AT KANPUR U/S (RANIGHAT) U.P,CPCB,9,Uttar Pradesh,157,KANPUR NAGAR,Kanpur Nagar,-,-,-,-,-,-,-,-,26.50554200,80.31434400,09-12-2021 08:30,3.4,"",1700,""
315,GANGA AT KANPUR U/S (RANIGHAT) U.P,CPCB,9,Uttar Pradesh,157,KANPUR NAGAR,Kanpur Nagar,-,-,-,-,-,-,-,-,26.50554200,80.31434400,25-12-2021 08:30,3.5,"",2000,""
316,GANGA AT NARORA (BULANDSAHAR) U.P.,CPCB,9,Uttar Pradesh,134,Buland Shahar,Buland Shahar,-,-,-,-,-,-,-,-,28.18970000,78.39587800,07-01-2021 08:30,1.3,"",1300,""
317,GANGA AT NARORA (BULANDSAHAR) U.P.,CPCB,9,Uttar Pradesh,134,Buland Shahar,Buland Shahar,-,-,-,-,-,-,-,-,28.18970000,78.39587800,21-01-2021 08:30,1.1,"",1100,""
318,GANGA AT NARORA (BULANDSAHAR) U.P.,CPCB,9,Uttar Pradesh,134,Buland Shahar,Buland Shahar,-,-,-,-,-,-,-,-,28.18970000,78.39587800,08-02-2021 08:30,1.4,"",920,""
319,GANGA AT NARORA (BULANDSAHAR) U.P.,CPCB,9,Uttar Pradesh,134,Buland Shahar,Buland Shahar,-,-,-,-,-,-,-,-,28.18970000,78.39587800,22-02-2021 08:30,1.6,"",1100,""
320,GANGA AT NARORA (BULANDSAHAR) U.P.,CPCB,9,Uttar Pradesh,134,Buland Shahar,Buland Shahar,-,-,-,-,-,-,-,-,28.18970000,78.39587800,08-03-2021 08:30,1.3,"",1200,""
321,GANGA AT NARORA (BULANDSAHAR) U.P.,CPCB,9,Uttar Pradesh,134,Buland Shahar,Buland Shahar,-,-,-,-,-,-,-,-,28.18970000,78.39587800,22-03-2021 08:30,1.5,"",1300,""
322,GANGA AT NARORA (BULANDSAHAR) U.P.,CPCB,9,Uttar Pradesh,134,Buland Shahar,Buland Shahar,-,-,-,-,-,-,-,-,28.18970000,78.39587800,12-04-2021 08:30,1.4,"",950,""
323,GANGA AT NARORA (BULANDSAHAR) U.P.,CPCB,9,Uttar Pradesh,134,Buland Shahar,Buland Shahar,-,-,-,-,-,-,-,-,28.18970000,78.39587800,26-04-2021 08:30,2.3,"",980,""
324,GANGA AT NARORA (BULANDSAHAR) U.P.,CPCB,9,Uttar Pradesh,134,Buland Shahar,Buland Shahar,-,-,-,-,-,-,-,-,28.18970000,78.39587800,10-05-2021 08:30,2.1,"",930,""
325,GANGA AT NARORA (BULANDSAHAR) U.P.,CPCB,9,Uttar Pradesh,134,Buland Shahar,Buland Shahar,-,-,-,-,-,-,-,-,28.18970000,78.39587800,27-05-2021 08:30,1.8,"",980,""
326,GANGA AT NARORA (BULANDSAHAR) U.P.,CPCB,9,Uttar Pradesh,134,Buland Shahar,Buland Shahar,-,-,-,-,-,-,-,-,28.18970000,78.39587800,07-06-2021 08:30,2.5,"",430,""
327,GANGA AT NARORA (BULANDSAHAR) U.P.,CPCB,9,Uttar Pradesh,134,Buland Shahar,Buland Shahar,-,-,-,-,-,-,-,-,28.18970000,78.39587800,21-06-2021 08:30,2.3,"",430,""
328,GANGA AT NARORA (BULANDSAHAR) U.P.,CPCB,9,Uttar Pradesh,134,Buland Shahar,Buland Shahar,-,-,-,-,-,-,-,-,28.18970000,78.39587800,05-07-2021 08:30,2.9,"",220,""
329,GANGA AT NARORA (BULANDSAHAR) U.P.,CPCB,9,Uttar Pradesh,134,Buland Shahar,Buland Shahar,-,-,-,-,-,-,-,-,28.18970000,78.39587800,26-07-2021 08:30,1.6,"",220,""
330,GANGA AT NARORA (BULANDSAHAR) U.P.,CPCB,9,Uttar Pradesh,134,Buland Shahar,Buland Shahar,-,-,-,-,-,-,-,-,28.18970000,78.39587800,13-09-2021 08:30,2,"",280,""
331,GANGA AT NARORA (BULANDSAHAR) U.P.,CPCB,9,Uttar Pradesh,134,Buland Shahar,Buland Shahar,-,-,-,-,-,-,-,-,28.18970000,78.39587800,20-09-2021 08:30,1.9,"",1400,""
332,GANGA AT NARORA (BULANDSAHAR) U.P.,CPCB,9,Uttar Pradesh,134,Buland Shahar,Buland Shahar,-,-,-,-,-,-,-,-,28.18970000,78.39587800,11-10-2021 08:30,1.7,"",350,""
333,GANGA AT NARORA (BULANDSAHAR) U.P.,CPCB,9,Uttar Pradesh,134,Buland Shahar,Buland Shahar,-,-,-,-,-,-,-,-,28.18970000,78.39587800,25-10-2021 08:30,1.4,"",280,""
334,GANGA AT NARORA (BULANDSAHAR) U.P.,CPCB,9,Uttar Pradesh,134,Buland Shahar,Buland Shahar,-,-,-,-,-,-,-,-,28.18970000,78.39587800,15-11-2021 08:30,2.2,"",430,""
335,GANGA AT NARORA (BULANDSAHAR) U.P.,CPCB,9,Uttar Pradesh,134,Buland Shahar,Buland Shahar,-,-,-,-,-,-,-,-,28.18970000,78.39587800,23-11-2021 08:30,1.2,"",350,""
336,GANGA AT NARORA (BULANDSAHAR) U.P.,CPCB,9,Uttar Pradesh,134,Buland Shahar,Buland Shahar,-,-,-,-,-,-,-,-,28.18970000,78.39587800,07-12-2021 08:30,1.7,"",480,""
337,GANGA AT NARORA (BULANDSAHAR) U.P.,CPCB,9,Uttar Pradesh,134,Buland Shahar,Buland Shahar,-,-,-,-,-,-,-,-,28.18970000,78.39587800,21-12-2021 08:30,1.1,"",350,""
338,GANGA AT TARIGHAT GHAZIPUR (U.P.),CPCB,9,Uttar Pradesh,146,GHAZIPUR,GHAZIPUR,-,-,-,-,-,-,-,-,25.57715600,83.58421900,24-02-2021 08:30,6,"",800,""
339,GANGA AT TARIGHAT GHAZIPUR (U.P.),CPCB,9,Uttar Pradesh,146,GHAZIPUR,GHAZIPUR,-,-,-,-,-,-,-,-,25.57715600,83.58421900,25-08-2021 08:30,1.7,"",20,""
340,GANGA AT TARIGHAT GHAZIPUR (U.P.),CPCB,9,Uttar Pradesh,146,GHAZIPUR,GHAZIPUR,-,-,-,-,-,-,-,-,25.57715600,83.58421900,01-12-2021 08:30,4.1,"",79000,""
341,GANGA AT TRIGHAT (GHAZIPUR) U.P,CPCB,9,Uttar Pradesh,146,GHAZIPUR,ZAMANIA,-,-,-,-,-,-,-,-,25.57817500,83.60959400,01-01-2021 08:30,3.7,"",13000,""
342,GANGA AT TRIGHAT (GHAZIPUR) U.P,CPCB,9,Uttar Pradesh,146,GHAZIPUR,ZAMANIA,-,-,-,-,-,-,-,-,25.57817500,83.60959400,16-01-2021 08:30,3.8,"",14000,""
343,GANGA AT TRIGHAT (GHAZIPUR) U.P,CPCB,9,Uttar Pradesh,146,GHAZIPUR,ZAMANIA,-,-,-,-,-,-,-,-,25.57817500,83.60959400,01-02-2021 08:30,3.5,"",9000,""
344,GANGA AT TRIGHAT (GHAZIPUR) U.P,CPCB,9,Uttar Pradesh,146,GHAZIPUR,ZAMANIA,-,-,-,-,-,-,-,-,25.57817500,83.60959400,18-02-2021 08:30,3.7,"",14000,""
345,GANGA AT TRIGHAT (GHAZIPUR) U.P,CPCB,9,Uttar Pradesh,146,GHAZIPUR,ZAMANIA,-,-,-,-,-,-,-,-,25.57817500,83.60959400,02-03-2021 08:30,4.2,"",14000,""
346,GANGA AT TRIGHAT (GHAZIPUR) U.P,CPCB,9,Uttar Pradesh,146,GHAZIPUR,ZAMANIA,-,-,-,-,-,-,-,-,25.57817500,83.60959400,18-03-2021 08:30,3.8,"",11000,""
347,GANGA AT TRIGHAT (GHAZIPUR) U.P,CPCB,9,Uttar Pradesh,146,GHAZIPUR,ZAMANIA,-,-,-,-,-,-,-,-,25.57817500,83.60959400,01-04-2021 08:30,4.3,"",13000,""
348,GANGA AT TRIGHAT (GHAZIPUR) U.P,CPCB,9,Uttar Pradesh,146,GHAZIPUR,ZAMANIA,-,-,-,-,-,-,-,-,25.57817500,83.60959400,19-04-2021 08:30,4,"",11000,""
349,GANGA AT TRIGHAT (GHAZIPUR) U.P,CPCB,9,Uttar Pradesh,146,GHAZIPUR,ZAMANIA,-,-,-,-,-,-,-,-,25.57817500,83.60959400,01-05-2021 08:30,4.2,"",13000,""
350,GANGA AT TRIGHAT (GHAZIPUR) U.P,CPCB,9,Uttar Pradesh,146,GHAZIPUR,ZAMANIA,-,-,-,-,-,-,-,-,25.57817500,83.60959400,18-05-2021 08:30,4.4,"",14000,""
351,GANGA AT TRIGHAT (GHAZIPUR) U.P,CPCB,9,Uttar Pradesh,146,GHAZIPUR,ZAMANIA,-,-,-,-,-,-,-,-,25.57817500,83.60959400,01-06-2021 08:30,4,"",11000,""
352,GANGA AT TRIGHAT (GHAZIPUR) U.P,CPCB,9,Uttar Pradesh,146,GHAZIPUR,ZAMANIA,-,-,-,-,-,-,-,-,25.57817500,83.60959400,18-06-2021 08:30,4.3,"",14000,""
353,GANGA AT TRIGHAT (GHAZIPUR) U.P,CPCB,9,Uttar Pradesh,146,GHAZIPUR,ZAMANIA,-,-,-,-,-,-,-,-,25.57817500,83.60959400,01-07-2021 08:30,4.2,"",13000,""
354,GANGA AT TRIGHAT (GHAZIPUR) U.P,CPCB,9,Uttar Pradesh,146,GHAZIPUR,ZAMANIA,-,-,-,-,-,-,-,-,25.57817500,83.60959400,15-07-2021 08:30,4,"",14000,""
355,GANGA AT TRIGHAT (GHAZIPUR) U.P,CPCB,9,Uttar Pradesh,146,GHAZIPUR,ZAMANIA,-,-,-,-,-,-,-,-,25.57817500,83.60959400,01-08-2021 08:30,4.3,"",13000,""
356,GANGA AT TRIGHAT (GHAZIPUR) U.P,CPCB,9,Uttar Pradesh,146,GHAZIPUR,ZAMANIA,-,-,-,-,-,-,-,-,25.57817500,83.60959400,18-08-2021 08:30,3.8,"",13000,""
357,GANGA AT TRIGHAT (GHAZIPUR) U.P,CPCB,9,Uttar Pradesh,146,GHAZIPUR,ZAMANIA,-,-,-,-,-,-,-,-,25.57817500,83.60959400,01-09-2021 08:30,3.8,"",13000,""
358,GANGA AT TRIGHAT (GHAZIPUR) U.P,CPCB,9,Uttar Pradesh,146,GHAZIPUR,ZAMANIA,-,-,-,-,-,-,-,-,25.57817500,83.60959400,15-09-2021 08:30,4,"",11000,""
359,GANGA AT TRIGHAT (GHAZIPUR) U.P,CPCB,9,Uttar Pradesh,146,GHAZIPUR,ZAMANIA,-,-,-,-,-,-,-,-,25.57817500,83.60959400,04-10-2021 08:30,3.8,"",11000,""
360,GANGA AT TRIGHAT (GHAZIPUR) U.P,CPCB,9,Uttar Pradesh,146,GHAZIPUR,ZAMANIA,-,-,-,-,-,-,-,-,25.57817500,83.60959400,18-10-2021 08:30,3.6,"",13000,""
361,GANGA AT TRIGHAT (GHAZIPUR) U.P,CPCB,9,Uttar Pradesh,146,GHAZIPUR,ZAMANIA,-,-,-,-,-,-,-,-,25.57817500,83.60959400,01-11-2021 08:30,4,"",13000,""
362,GANGA AT TRIGHAT (GHAZIPUR) U.P,CPCB,9,Uttar Pradesh,146,GHAZIPUR,ZAMANIA,-,-,-,-,-,-,-,-,25.57817500,83.60959400,15-11-2021 08:30,3.7,"",11000,""
363,GANGA AT TRIGHAT (GHAZIPUR) U.P,CPCB,9,Uttar Pradesh,146,GHAZIPUR,ZAMANIA,-,-,-,-,-,-,-,-,25.57817500,83.60959400,01-12-2021 08:30,3.7,"",11000,""
364,GANGA AT TRIGHAT (GHAZIPUR) U.P,CPCB,9,Uttar Pradesh,146,GHAZIPUR,ZAMANIA,-,-,-,-,-,-,-,-,25.57817500,83.60959400,18-12-2021 08:30,3.4,"",13000,""
365,GANGA AT VARANASI D/S (MALVIYA BRIDGE) U.P,CPCB,9,Uttar Pradesh,187,VARANASI,VARANASI,-,-,-,-,-,-,-,-,25.32148600,83.03528500,01-01-2021 08:30,3.6,"",11000,""
366,GANGA AT VARANASI D/S (MALVIYA BRIDGE) U.P,CPCB,9,Uttar Pradesh,187,VARANASI,VARANASI,-,-,-,-,-,-,-,-,25.32148600,83.03528500,16-01-2021 08:30,3.7,"",13000,""
367,GANGA AT VARANASI D/S (MALVIYA BRIDGE) U.P,CPCB,9,Uttar Pradesh,187,VARANASI,VARANASI,-,-,-,-,-,-,-,-,25.32148600,83.03528500,01-02-2021 08:30,3.3,"",8000,""
368,GANGA AT VARANASI D/S (MALVIYA BRIDGE) U.P,CPCB,9,Uttar Pradesh,187,VARANASI,VARANASI,-,-,-,-,-,-,-,-,25.32148600,83.03528500,18-02-2021 08:30,3.5,"",11000,""
369,GANGA AT VARANASI D/S (MALVIYA BRIDGE) U.P,CPCB,9,Uttar Pradesh,187,VARANASI,VARANASI,-,-,-,-,-,-,-,-,25.32148600,83.03528500,01-03-2021 08:30,4,"",13000,""
370,GANGA AT VARANASI D/S (MALVIYA BRIDGE) U.P,CPCB,9,Uttar Pradesh,187,VARANASI,VARANASI,-,-,-,-,-,-,-,-,25.32148600,83.03528500,18-03-2021 08:30,3.6,"",8000,""
371,GANGA AT VARANASI D/S (MALVIYA BRIDGE) U.P,CPCB,9,Uttar Pradesh,187,VARANASI,VARANASI,-,-,-,-,-,-,-,-,25.32148600,83.03528500,01-04-2021 08:30,4,"",11000,""
372,GANGA AT VARANASI D/S (MALVIYA BRIDGE) U.P,CPCB,9,Uttar Pradesh,187,VARANASI,VARANASI,-,-,-,-,-,-,-,-,25.32148600,83.03528500,19-04-2021 08:30,3.8,"",8000,""
373,GANGA AT VARANASI D/S (MALVIYA BRIDGE) U.P,CPCB,9,Uttar Pradesh,187,VARANASI,VARANASI,-,-,-,-,-,-,-,-,25.32148600,83.03528500,01-05-2021 08:30,3.8,"",11000,""
374,GANGA AT VARANASI D/S (MALVIYA BRIDGE) U.P,CPCB,9,Uttar Pradesh,187,VARANASI,VARANASI,-,-,-,-,-,-,-,-,25.32148600,83.03528500,18-05-2021 08:30,4,"",13000,""
375,GANGA AT VARANASI D/S (MALVIYA BRIDGE) U.P,CPCB,9,Uttar Pradesh,187,VARANASI,VARANASI,-,-,-,-,-,-,-,-,25.32148600,83.03528500,01-06-2021 08:30,3.7,"",11000,""
376,GANGA AT VARANASI D/S (MALVIYA BRIDGE) U.P,CPCB,9,Uttar Pradesh,187,VARANASI,VARANASI,-,-,-,-,-,-,-,-,25.32148600,83.03528500,18-06-2021 08:30,4,"",13000,""
377,GANGA AT VARANASI D/S (MALVIYA BRIDGE) U.P,CPCB,9,Uttar Pradesh,187,VARANASI,VARANASI,-,-,-,-,-,-,-,-,25.32148600,83.03528500,01-07-2021 08:30,4,"",13000,""
378,GANGA AT VARANASI D/S (MALVIYA BRIDGE) U.P,CPCB,9,Uttar Pradesh,187,VARANASI,VARANASI,-,-,-,-,-,-,-,-,25.32148600,83.03528500,15-07-2021 08:30,3.7,"",13000,""
379,GANGA AT VARANASI D/S (MALVIYA BRIDGE) U.P,CPCB,9,Uttar Pradesh,187,VARANASI,VARANASI,-,-,-,-,-,-,-,-,25.32148600,83.03528500,01-08-2021 08:30,4.1,"",13000,""
380,GANGA AT VARANASI D/S (MALVIYA BRIDGE) U.P,CPCB,9,Uttar Pradesh,187,VARANASI,VARANASI,-,-,-,-,-,-,-,-,25.32148600,83.03528500,18-08-2021 08:30,3.5,"",11000,""
381,GANGA AT VARANASI D/S (MALVIYA BRIDGE) U.P,CPCB,9,Uttar Pradesh,187,VARANASI,VARANASI,-,-,-,-,-,-,-,-,25.32148600,83.03528500,01-09-2021 08:30,3.5,"",11000,""
382,GANGA AT VARANASI D/S (MALVIYA BRIDGE) U.P,CPCB,9,Uttar Pradesh,187,VARANASI,VARANASI,-,-,-,-,-,-,-,-,25.32148600,83.03528500,15-09-2021 08:30,3.7,"",9200,""
383,GANGA AT VARANASI D/S (MALVIYA BRIDGE) U.P,CPCB,9,Uttar Pradesh,187,VARANASI,VARANASI,-,-,-,-,-,-,-,-,25.32148600,83.03528500,04-10-2021 08:30,3.5,"",9000,""
384,GANGA AT VARANASI D/S (MALVIYA BRIDGE) U.P,CPCB,9,Uttar Pradesh,187,VARANASI,VARANASI,-,-,-,-,-,-,-,-,25.32148600,83.03528500,18-10-2021 08:30,3.4,"",11000,""
385,GANGA AT VARANASI D/S (MALVIYA BRIDGE) U.P,CPCB,9,Uttar Pradesh,187,VARANASI,VARANASI,-,-,-,-,-,-,-,-,25.32148600,83.03528500,01-11-2021 08:30,3.4,"",8000,""
386,GANGA AT VARANASI D/S (MALVIYA BRIDGE) U.P,CPCB,9,Uttar Pradesh,187,VARANASI,VARANASI,-,-,-,-,-,-,-,-,25.32148600,83.03528500,15-11-2021 08:30,3.5,"",7000,""
387,GANGA AT VARANASI D/S (MALVIYA BRIDGE) U.P,CPCB,9,Uttar Pradesh,187,VARANASI,VARANASI,-,-,-,-,-,-,-,-,25.32148600,83.03528500,01-12-2021 08:30,3.4,"",8000,""
388,GANGA AT VARANASI D/S (MALVIYA BRIDGE) U.P,CPCB,9,Uttar Pradesh,187,VARANASI,VARANASI,-,-,-,-,-,-,-,-,25.32148600,83.03528500,17-12-2021 08:30,3.5,"",9000,""
389,GANGA AT VARANASI U/S (ASSIGHAT) U.P,CPCB,9,Uttar Pradesh,187,VARANASI,VARANASI,-,-,-,-,-,-,-,-,25.28935800,83.00638900,01-01-2021 08:30,2.2,"",800,""
390,GANGA AT VARANASI U/S (ASSIGHAT) U.P,CPCB,9,Uttar Pradesh,187,VARANASI,VARANASI,-,-,-,-,-,-,-,-,25.28935800,83.00638900,01-02-2021 08:30,1.9,"",700,""
391,GANGA AT VARANASI U/S (ASSIGHAT) U.P,CPCB,9,Uttar Pradesh,187,VARANASI,VARANASI,-,-,-,-,-,-,-,-,25.28935800,83.00638900,18-02-2021 08:30,2.5,"",800,""
392,GANGA AT VARANASI U/S (ASSIGHAT) U.P,CPCB,9,Uttar Pradesh,187,VARANASI,VARANASI,-,-,-,-,-,-,-,-,25.28935800,83.00638900,01-03-2021 08:30,2.4,"",700,""
393,GANGA AT VARANASI U/S (ASSIGHAT) U.P,CPCB,9,Uttar Pradesh,187,VARANASI,VARANASI,-,-,-,-,-,-,-,-,25.28935800,83.00638900,18-03-2021 08:30,1.9,"",500,""
394,GANGA AT VARANASI U/S (ASSIGHAT) U.P,CPCB,9,Uttar Pradesh,187,VARANASI,VARANASI,-,-,-,-,-,-,-,-,25.28935800,83.00638900,01-04-2021 08:30,2.3,"",800,""
395,GANGA AT VARANASI U/S (ASSIGHAT) U.P,CPCB,9,Uttar Pradesh,187,VARANASI,VARANASI,-,-,-,-,-,-,-,-,25.28935800,83.00638900,19-04-2021 08:30,2.2,"",500,""
396,GANGA AT VARANASI U/S (ASSIGHAT) U.P,CPCB,9,Uttar Pradesh,187,VARANASI,VARANASI,-,-,-,-,-,-,-,-,25.28935800,83.00638900,01-05-2021 08:30,2.2,"",800,""
397,GANGA AT VARANASI U/S (ASSIGHAT) U.P,CPCB,9,Uttar Pradesh,187,VARANASI,VARANASI,-,-,-,-,-,-,-,-,25.28935800,83.00638900,18-05-2021 08:30,2.4,"",1100,""
398,GANGA AT VARANASI U/S (ASSIGHAT) U.P,CPCB,9,Uttar Pradesh,187,VARANASI,VARANASI,-,-,-,-,-,-,-,-,25.28935800,83.00638900,01-06-2021 08:30,2.3,"",900,""
399,GANGA AT VARANASI U/S (ASSIGHAT) U.P,CPCB,9,Uttar Pradesh,187,VARANASI,VARANASI,-,-,-,-,-,-,-,-,25.28935800,83.00638900,18-06-2021 08:30,2.6,"",1100,""
400,GANGA AT VARANASI U/S (ASSIGHAT) U.P,CPCB,9,Uttar Pradesh,187,VARANASI,VARANASI,-,-,-,-,-,-,-,-,25.28935800,83.00638900,01-07-2021 08:30,2.6,"",1100,""
401,GANGA AT VARANASI U/S (ASSIGHAT) U.P,CPCB,9,Uttar Pradesh,187,VARANASI,VARANASI,-,-,-,-,-,-,-,-,25.28935800,83.00638900,15-07-2021 08:30,2.3,"",1300,""
402,GANGA AT VARANASI U/S (ASSIGHAT) U.P,CPCB,9,Uttar Pradesh,187,VARANASI,VARANASI,-,-,-,-,-,-,-,-,25.28935800,83.00638900,01-08-2021 08:30,2.8,"",1100,""
403,GANGA AT VARANASI U/S (ASSIGHAT) U.P,CPCB,9,Uttar Pradesh,187,VARANASI,VARANASI,-,-,-,-,-,-,-,-,25.28935800,83.00638900,18-08-2021 08:30,2.5,"",800,""
404,GANGA AT VARANASI U/S (ASSIGHAT) U.P,CPCB,9,Uttar Pradesh,187,VARANASI,VARANASI,-,-,-,-,-,-,-,-,25.28935800,83.00638900,01-09-2021 08:30,2.3,"",800,""
405,GANGA AT VARANASI U/S (ASSIGHAT) U.P,CPCB,9,Uttar Pradesh,187,VARANASI,VARANASI,-,-,-,-,-,-,-,-,25.28935800,83.00638900,15-09-2021 08:30,2.5,"",900,""
406,GANGA AT VARANASI U/S (ASSIGHAT) U.P,CPCB,9,Uttar Pradesh,187,VARANASI,VARANASI,-,-,-,-,-,-,-,-,25.28935800,83.00638900,04-10-2021 08:30,2.1,"",800,""
407,GANGA AT VARANASI U/S (ASSIGHAT) U.P,CPCB,9,Uttar Pradesh,187,VARANASI,VARANASI,-,-,-,-,-,-,-,-,25.28935800,83.00638900,18-10-2021 08:30,2,"",700,""
408,GANGA AT VARANASI U/S (ASSIGHAT) U.P,CPCB,9,Uttar Pradesh,187,VARANASI,VARANASI,-,-,-,-,-,-,-,-,25.28935800,83.00638900,01-11-2021 08:30,2.2,"",800,""
409,GANGA AT VARANASI U/S (ASSIGHAT) U.P,CPCB,9,Uttar Pradesh,187,VARANASI,VARANASI,-,-,-,-,-,-,-,-,25.28935800,83.00638900,15-11-2021 08:30,2,"",800,""
410,GANGA AT VARANASI U/S (ASSIGHAT) U.P,CPCB,9,Uttar Pradesh,187,VARANASI,VARANASI,-,-,-,-,-,-,-,-,25.28935800,83.00638900,01-12-2021 08:30,1.7,"",1100,""
411,GANGA AT VARANASI U/S (ASSIGHAT) U.P,CPCB,9,Uttar Pradesh,187,VARANASI,VARANASI,-,-,-,-,-,-,-,-,25.28935800,83.00638900,17-12-2021 08:30,1.8,"",500,""
412,GANGA D/S ANOOPSHAHAR,CPCB,9,Uttar Pradesh,134,Buland Shahar,Buland Shahar,-,-,-,-,-,-,-,-,28.27420800,78.32433800,07-01-2021 08:30,1.4,"",1100,""
413,GANGA D/S ANOOPSHAHAR,CPCB,9,Uttar Pradesh,134,Buland Shahar,Buland Shahar,-,-,-,-,-,-,-,-,28.27420800,78.32433800,21-01-2021 08:30,1.2,"",1200,""
414,GANGA D/S ANOOPSHAHAR,CPCB,9,Uttar Pradesh,134,Buland Shahar,Buland Shahar,-,-,-,-,-,-,-,-,28.27420800,78.32433800,08-02-2021 08:30,1.4,"",930,""
415,GANGA D/S ANOOPSHAHAR,CPCB,9,Uttar Pradesh,134,Buland Shahar,Buland Shahar,-,-,-,-,-,-,-,-,28.27420800,78.32433800,22-02-2021 08:30,1.4,"",920,""
416,GANGA D/S ANOOPSHAHAR,CPCB,9,Uttar Pradesh,134,Buland Shahar,Buland Shahar,-,-,-,-,-,-,-,-,28.27420800,78.32433800,08-03-2021 08:30,1.2,"",850,""
417,GANGA D/S ANOOPSHAHAR,CPCB,9,Uttar Pradesh,134,Buland Shahar,Buland Shahar,-,-,-,-,-,-,-,-,28.27420800,78.32433800,22-03-2021 08:30,1.7,"",920,""
418,GANGA D/S ANOOPSHAHAR,CPCB,9,Uttar Pradesh,134,Buland Shahar,Buland Shahar,-,-,-,-,-,-,-,-,28.27420800,78.32433800,12-04-2021 08:30,1.3,"",1200,""
419,GANGA D/S ANOOPSHAHAR,CPCB,9,Uttar Pradesh,134,Buland Shahar,Buland Shahar,-,-,-,-,-,-,-,-,28.27420800,78.32433800,26-04-2021 08:30,2.1,"",1300,""
420,GANGA D/S ANOOPSHAHAR,CPCB,9,Uttar Pradesh,134,Buland Shahar,Buland Shahar,-,-,-,-,-,-,-,-,28.27420800,78.32433800,10-05-2021 08:30,2,"",950,""
421,GANGA D/S ANOOPSHAHAR,CPCB,9,Uttar Pradesh,134,Buland Shahar,Buland Shahar,-,-,-,-,-,-,-,-,28.27420800,78.32433800,27-05-2021 08:30,1.9,"",950,""
422,GANGA D/S ANOOPSHAHAR,CPCB,9,Uttar Pradesh,134,Buland Shahar,Buland Shahar,-,-,-,-,-,-,-,-,28.27420800,78.32433800,07-06-2021 08:30,2.2,"",400,""
423,GANGA D/S ANOOPSHAHAR,CPCB,9,Uttar Pradesh,134,Buland Shahar,Buland Shahar,-,-,-,-,-,-,-,-,28.27420800,78.32433800,05-07-2021 08:30,3,"",140,""
424,GANGA D/S ANOOPSHAHAR,CPCB,9,Uttar Pradesh,134,Buland Shahar,Buland Shahar,-,-,-,-,-,-,-,-,28.27420800,78.32433800,26-07-2021 08:30,1.8,"",170,""
425,GANGA D/S ANOOPSHAHAR,CPCB,9,Uttar Pradesh,134,Buland Shahar,Buland Shahar,-,-,-,-,-,-,-,-,28.27420800,78.32433800,09-08-2021 08:30,2.4,"",140,""
426,GANGA D/S ANOOPSHAHAR,CPCB,9,Uttar Pradesh,134,Buland Shahar,Buland Shahar,-,-,-,-,-,-,-,-,28.27420800,78.32433800,23-08-2021 08:30,1.9,"",280,""
427,GANGA D/S ANOOPSHAHAR,CPCB,9,Uttar Pradesh,134,Buland Shahar,Buland Shahar,-,-,-,-,-,-,-,-,28.27420800,78.32433800,13-09-2021 08:30,1.8,"",920,""
428,GANGA D/S ANOOPSHAHAR,CPCB,9,Uttar Pradesh,134,Buland Shahar,Buland Shahar,-,-,-,-,-,-,-,-,28.27420800,78.32433800,20-09-2021 08:30,2.2,"",540,""
429,GANGA D/S ANOOPSHAHAR,CPCB,9,Uttar Pradesh,134,Buland Shahar,Buland Shahar,-,-,-,-,-,-,-,-,28.27420800,78.32433800,11-10-2021 08:30,8,"",220,""
430,GANGA D/S ANOOPSHAHAR,CPCB,9,Uttar Pradesh,134,Buland Shahar,Buland Shahar,-,-,-,-,-,-,-,-,28.27420800,78.32433800,25-10-2021 08:30,1.2,"",130,""
431,GANGA D/S ANOOPSHAHAR,CPCB,9,Uttar Pradesh,134,Buland Shahar,Buland Shahar,-,-,-,-,-,-,-,-,28.27420800,78.32433800,15-11-2021 08:30,1.9,"",540,""
432,GANGA D/S ANOOPSHAHAR,CPCB,9,Uttar Pradesh,134,Buland Shahar,Buland Shahar,-,-,-,-,-,-,-,-,28.27420800,78.32433800,23-11-2021 08:30,1.1,"",220,""
433,GANGA D/S ANOOPSHAHAR,CPCB,9,Uttar Pradesh,134,Buland Shahar,Buland Shahar,-,-,-,-,-,-,-,-,28.27420800,78.32433800,07-12-2021 08:30,1.5,"",280,""
434,GANGA D/S ANOOPSHAHAR,CPCB,9,Uttar Pradesh,134,Buland Shahar,Buland Shahar,-,-,-,-,-,-,-,-,28.27420800,78.32433800,21-12-2021 08:30,1.3,"",220,""
435,GANGA D/S MIRZAPUR,CPCB,9,Uttar Pradesh,170,MIRZAPUR,NAGAR (CITY),-,-,-,-,-,-,-,-,25.17705800,82.60222500,04-01-2021 08:30,3.7,"",13000,""
436,GANGA D/S MIRZAPUR,CPCB,9,Uttar Pradesh,170,MIRZAPUR,NAGAR (CITY),-,-,-,-,-,-,-,-,25.17705800,82.60222500,01-02-2021 08:30,3.5,"",11000,""
437,GANGA D/S MIRZAPUR,CPCB,9,Uttar Pradesh,170,MIRZAPUR,NAGAR (CITY),-,-,-,-,-,-,-,-,25.17705800,82.60222500,15-02-2021 08:30,3.1,"",8000,""
438,GANGA D/S MIRZAPUR,CPCB,9,Uttar Pradesh,170,MIRZAPUR,NAGAR (CITY),-,-,-,-,-,-,-,-,25.17705800,82.60222500,01-03-2021 08:30,3.5,"",8000,""
439,GANGA D/S MIRZAPUR,CPCB,9,Uttar Pradesh,170,MIRZAPUR,NAGAR (CITY),-,-,-,-,-,-,-,-,25.17705800,82.60222500,03-04-2021 08:30,4,"",11000,""
440,GANGA D/S MIRZAPUR,CPCB,9,Uttar Pradesh,170,MIRZAPUR,NAGAR (CITY),-,-,-,-,-,-,-,-,25.17705800,82.60222500,17-04-2021 08:30,3.8,"",8000,""
441,GANGA D/S MIRZAPUR,CPCB,9,Uttar Pradesh,170,MIRZAPUR,NAGAR (CITY),-,-,-,-,-,-,-,-,25.17705800,82.60222500,18-05-2021 08:30,4,"",13000,""
442,GANGA D/S MIRZAPUR,CPCB,9,Uttar Pradesh,170,MIRZAPUR,NAGAR (CITY),-,-,-,-,-,-,-,-,25.17705800,82.60222500,25-05-2021 08:30,4.2,"",11000,""
443,GANGA D/S MIRZAPUR,CPCB,9,Uttar Pradesh,170,MIRZAPUR,NAGAR (CITY),-,-,-,-,-,-,-,-,25.17705800,82.60222500,02-06-2021 08:30,3.8,"",14000,""
444,GANGA D/S MIRZAPUR,CPCB,9,Uttar Pradesh,170,MIRZAPUR,NAGAR (CITY),-,-,-,-,-,-,-,-,25.17705800,82.60222500,18-06-2021 08:30,3.7,"",11000,""
445,GANGA D/S MIRZAPUR,CPCB,9,Uttar Pradesh,170,MIRZAPUR,NAGAR (CITY),-,-,-,-,-,-,-,-,25.17705800,82.60222500,12-07-2021 08:30,3.5,"",13000,""
446,GANGA D/S MIRZAPUR,CPCB,9,Uttar Pradesh,170,MIRZAPUR,NAGAR (CITY),-,-,-,-,-,-,-,-,25.17705800,82.60222500,26-07-2021 08:30,3.3,"",11000,""
447,GANGA D/S MIRZAPUR,CPCB,9,Uttar Pradesh,170,MIRZAPUR,NAGAR (CITY),-,-,-,-,-,-,-,-,25.17705800,82.60222500,02-08-2021 08:30,14.4,"",13000,""
448,GANGA D/S MIRZAPUR,CPCB,9,Uttar Pradesh,170,MIRZAPUR,NAGAR (CITY),-,-,-,-,-,-,-,-,25.17705800,82.60222500,17-08-2021 08:30,3.8,"",11000,""
449,GANGA D/S MIRZAPUR,CPCB,9,Uttar Pradesh,170,MIRZAPUR,NAGAR (CITY),-,-,-,-,-,-,-,-,25.17705800,82.60222500,06-09-2021 08:30,3.5,"",13000,""
450,GANGA D/S MIRZAPUR,CPCB,9,Uttar Pradesh,170,MIRZAPUR,NAGAR (CITY),-,-,-,-,-,-,-,-,25.17705800,82.60222500,28-09-2021 08:30,3.4,"",13000,""
451,GANGA D/S MIRZAPUR,CPCB,9,Uttar Pradesh,170,MIRZAPUR,NAGAR (CITY),-,-,-,-,-,-,-,-,25.17705800,82.60222500,04-10-2021 08:30,3.7,"",11000,""
452,GANGA D/S MIRZAPUR,CPCB,9,Uttar Pradesh,170,MIRZAPUR,NAGAR (CITY),-,-,-,-,-,-,-,-,25.17705800,82.60222500,18-10-2021 08:30,3.5,"",13000,""
453,GANGA D/S MIRZAPUR,CPCB,9,Uttar Pradesh,170,MIRZAPUR,NAGAR (CITY),-,-,-,-,-,-,-,-,25.17705800,82.60222500,08-11-2021 08:30,3.5,"",7000,""
454,GANGA D/S MIRZAPUR,CPCB,9,Uttar Pradesh,170,MIRZAPUR,NAGAR (CITY),-,-,-,-,-,-,-,-,25.17705800,82.60222500,29-11-2021 08:30,3.8,"",13000,""
455,GANGA D/S MIRZAPUR,CPCB,9,Uttar Pradesh,170,MIRZAPUR,NAGAR (CITY),-,-,-,-,-,-,-,-,25.17705800,82.60222500,06-12-2021 08:30,3.6,"",14000,""
456,GANGA D/S MIRZAPUR,CPCB,9,Uttar Pradesh,170,MIRZAPUR,NAGAR (CITY),-,-,-,-,-,-,-,-,25.17705800,82.60222500,20-12-2021 08:30,1.7,"",800,""
457,GANGA U/S ANOOPSHAHAR,CPCB,9,Uttar Pradesh,134,Buland Shahar,Buland Shahar,-,-,-,-,-,-,-,-,28.36439600,78.27026900,07-01-2021 08:30,1.6,"",680,""
458,GANGA U/S ANOOPSHAHAR,CPCB,9,Uttar Pradesh,134,Buland Shahar,Buland Shahar,-,-,-,-,-,-,-,-,28.36439600,78.27026900,21-01-2021 08:30,1.3,"",920,""
459,GANGA U/S ANOOPSHAHAR,CPCB,9,Uttar Pradesh,134,Buland Shahar,Buland Shahar,-,-,-,-,-,-,-,-,28.36439600,78.27026900,08-02-2021 08:30,1.1,"",780,""
460,GANGA U/S ANOOPSHAHAR,CPCB,9,Uttar Pradesh,134,Buland Shahar,Buland Shahar,-,-,-,-,-,-,-,-,28.36439600,78.27026900,22-02-2021 08:30,1.5,"",680,""
461,GANGA U/S ANOOPSHAHAR,CPCB,9,Uttar Pradesh,134,Buland Shahar,Buland Shahar,-,-,-,-,-,-,-,-,28.36439600,78.27026900,08-03-2021 08:30,1.3,"",720,""
462,GANGA U/S ANOOPSHAHAR,CPCB,9,Uttar Pradesh,134,Buland Shahar,Buland Shahar,-,-,-,-,-,-,-,-,28.36439600,78.27026900,22-03-2021 08:30,1.6,"",780,""
463,GANGA U/S ANOOPSHAHAR,CPCB,9,Uttar Pradesh,134,Buland Shahar,Buland Shahar,-,-,-,-,-,-,-,-,28.36439600,78.27026900,12-04-2021 08:30,1.5,"",1100,""
464,GANGA U/S ANOOPSHAHAR,CPCB,9,Uttar Pradesh,134,Buland Shahar,Buland Shahar,-,-,-,-,-,-,-,-,28.36439600,78.27026900,26-04-2021 08:30,2.2,"",1200,""
465,GANGA U/S ANOOPSHAHAR,CPCB,9,Uttar Pradesh,134,Buland Shahar,Buland Shahar,-,-,-,-,-,-,-,-,28.36439600,78.27026900,10-05-2021 08:30,2.2,"",920,""
466,GANGA U/S ANOOPSHAHAR,CPCB,9,Uttar Pradesh,134,Buland Shahar,Buland Shahar,-,-,-,-,-,-,-,-,28.36439600,78.27026900,27-05-2021 08:30,1.7,"",970,""
467,GANGA U/S ANOOPSHAHAR,CPCB,9,Uttar Pradesh,134,Buland Shahar,Buland Shahar,-,-,-,-,-,-,-,-,28.36439600,78.27026900,07-06-2021 08:30,2.1,"",480,""
468,GANGA U/S ANOOPSHAHAR,CPCB,9,Uttar Pradesh,134,Buland Shahar,Buland Shahar,-,-,-,-,-,-,-,-,28.36439600,78.27026900,21-06-2021 08:30,2.5,"",430,""
469,GANGA U/S ANOOPSHAHAR,CPCB,9,Uttar Pradesh,134,Buland Shahar,Buland Shahar,-,-,-,-,-,-,-,-,28.36439600,78.27026900,05-07-2021 08:30,2.8,"",140,""
470,GANGA U/S ANOOPSHAHAR,CPCB,9,Uttar Pradesh,134,Buland Shahar,Buland Shahar,-,-,-,-,-,-,-,-,28.36439600,78.27026900,26-07-2021 08:30,2.2,"",130,""
471,GANGA U/S ANOOPSHAHAR,CPCB,9,Uttar Pradesh,134,Buland Shahar,Buland Shahar,-,-,-,-,-,-,-,-,28.36439600,78.27026900,09-08-2021 08:30,2.2,"",110,""
472,GANGA U/S ANOOPSHAHAR,CPCB,9,Uttar Pradesh,134,Buland Shahar,Buland Shahar,-,-,-,-,-,-,-,-,28.36439600,78.27026900,23-08-2021 08:30,2.1,"",140,""
473,GANGA U/S ANOOPSHAHAR,CPCB,9,Uttar Pradesh,134,Buland Shahar,Buland Shahar,-,-,-,-,-,-,-,-,28.36439600,78.27026900,13-09-2021 08:30,2.2,"",430,""
474,GANGA U/S ANOOPSHAHAR,CPCB,9,Uttar Pradesh,134,Buland Shahar,Buland Shahar,-,-,-,-,-,-,-,-,28.36439600,78.27026900,20-09-2021 08:30,2.1,"",350,""
475,GANGA U/S ANOOPSHAHAR,CPCB,9,Uttar Pradesh,134,Buland Shahar,Buland Shahar,-,-,-,-,-,-,-,-,28.36439600,78.27026900,11-10-2021 08:30,1.4,"",170,""
476,GANGA U/S ANOOPSHAHAR,CPCB,9,Uttar Pradesh,134,Buland Shahar,Buland Shahar,-,-,-,-,-,-,-,-,28.36439600,78.27026900,25-10-2021 08:30,1.6,"",110,""
477,GANGA U/S ANOOPSHAHAR,CPCB,9,Uttar Pradesh,134,Buland Shahar,Buland Shahar,-,-,-,-,-,-,-,-,28.36439600,78.27026900,15-11-2021 08:30,2.3,"",140,""
478,GANGA U/S ANOOPSHAHAR,CPCB,9,Uttar Pradesh,134,Buland Shahar,Buland Shahar,-,-,-,-,-,-,-,-,28.36439600,78.27026900,23-11-2021 08:30,1.4,"",130,""
479,GANGA U/S ANOOPSHAHAR,CPCB,9,Uttar Pradesh,134,Buland Shahar,Buland Shahar,-,-,-,-,-,-,-,-,28.36439600,78.27026900,07-12-2021 08:30,1.3,"",220,""
480,GANGA U/S ANOOPSHAHAR,CPCB,9,Uttar Pradesh,134,Buland Shahar,Buland Shahar,-,-,-,-,-,-,-,-,28.36439600,78.27026900,21-12-2021 08:30,1.6,"",210,""
481,GANGA U/S VINDHYACHAL MIRZAPUR,CPCB,9,Uttar Pradesh,170,MIRZAPUR,NAGAR (CITY),-,-,-,-,-,-,-,-,25.24403100,82.41827200,04-01-2021 08:30,2.3,"",800,""
482,GANGA U/S VINDHYACHAL MIRZAPUR,CPCB,9,Uttar Pradesh,170,MIRZAPUR,NAGAR (CITY),-,-,-,-,-,-,-,-,25.24403100,82.41827200,19-01-2021 08:30,2.3,"",500,""
483,GANGA U/S VINDHYACHAL MIRZAPUR,CPCB,9,Uttar Pradesh,170,MIRZAPUR,NAGAR (CITY),-,-,-,-,-,-,-,-,25.24403100,82.41827200,01-02-2021 08:30,2.1,"",800,""
484,GANGA U/S VINDHYACHAL MIRZAPUR,CPCB,9,Uttar Pradesh,170,MIRZAPUR,NAGAR (CITY),-,-,-,-,-,-,-,-,25.24403100,82.41827200,15-02-2021 08:30,1.8,"",500,""
485,GANGA U/S VINDHYACHAL MIRZAPUR,CPCB,9,Uttar Pradesh,170,MIRZAPUR,NAGAR (CITY),-,-,-,-,-,-,-,-,25.24403100,82.41827200,01-03-2021 08:30,2,"",1100,""
486,GANGA U/S VINDHYACHAL MIRZAPUR,CPCB,9,Uttar Pradesh,170,MIRZAPUR,NAGAR (CITY),-,-,-,-,-,-,-,-,25.24403100,82.41827200,03-04-2021 08:30,2.4,"",800,""
487,GANGA U/S VINDHYACHAL MIRZAPUR,CPCB,9,Uttar Pradesh,170,MIRZAPUR,NAGAR (CITY),-,-,-,-,-,-,-,-,25.24403100,82.41827200,17-04-2021 08:30,2.2,"",700,""
488,GANGA U/S VINDHYACHAL MIRZAPUR,CPCB,9,Uttar Pradesh,170,MIRZAPUR,NAGAR (CITY),-,-,-,-,-,-,-,-,25.24403100,82.41827200,18-05-2021 08:30,2.4,"",1100,""
489,GANGA U/S VINDHYACHAL MIRZAPUR,CPCB,9,Uttar Pradesh,170,MIRZAPUR,NAGAR (CITY),-,-,-,-,-,-,-,-,25.24403100,82.41827200,25-05-2021 08:30,2.5,"",800,""
490,GANGA U/S VINDHYACHAL MIRZAPUR,CPCB,9,Uttar Pradesh,170,MIRZAPUR,NAGAR (CITY),-,-,-,-,-,-,-,-,25.24403100,82.41827200,02-06-2021 08:30,2.6,"",1300,""
491,GANGA U/S VINDHYACHAL MIRZAPUR,CPCB,9,Uttar Pradesh,170,MIRZAPUR,NAGAR (CITY),-,-,-,-,-,-,-,-,25.24403100,82.41827200,18-06-2021 08:30,2.4,"",1100,""
492,GANGA U/S VINDHYACHAL MIRZAPUR,CPCB,9,Uttar Pradesh,170,MIRZAPUR,NAGAR (CITY),-,-,-,-,-,-,-,-,25.24403100,82.41827200,12-07-2021 08:30,2.6,"",1100,""
493,GANGA U/S VINDHYACHAL MIRZAPUR,CPCB,9,Uttar Pradesh,170,MIRZAPUR,NAGAR (CITY),-,-,-,-,-,-,-,-,25.24403100,82.41827200,26-07-2021 08:30,2.4,"",1300,""
494,GANGA U/S VINDHYACHAL MIRZAPUR,CPCB,9,Uttar Pradesh,170,MIRZAPUR,NAGAR (CITY),-,-,-,-,-,-,-,-,25.24403100,82.41827200,02-08-2021 08:30,3,"",1300,""
495,GANGA U/S VINDHYACHAL MIRZAPUR,CPCB,9,Uttar Pradesh,170,MIRZAPUR,NAGAR (CITY),-,-,-,-,-,-,-,-,25.24403100,82.41827200,17-08-2021 08:30,3.2,"",1100,""
496,GANGA U/S VINDHYACHAL MIRZAPUR,CPCB,9,Uttar Pradesh,170,MIRZAPUR,NAGAR (CITY),-,-,-,-,-,-,-,-,25.24403100,82.41827200,06-09-2021 08:30,2.4,"",900,""
497,GANGA U/S VINDHYACHAL MIRZAPUR,CPCB,9,Uttar Pradesh,170,MIRZAPUR,NAGAR (CITY),-,-,-,-,-,-,-,-,25.24403100,82.41827200,28-09-2021 08:30,2.2,"",800,""
498,GANGA U/S VINDHYACHAL MIRZAPUR,CPCB,9,Uttar Pradesh,170,MIRZAPUR,NAGAR (CITY),-,-,-,-,-,-,-,-,25.24403100,82.41827200,04-10-2021 08:30,2.3,"",800,""
499,GANGA U/S VINDHYACHAL MIRZAPUR,CPCB,9,Uttar Pradesh,170,MIRZAPUR,NAGAR (CITY),-,-,-,-,-,-,-,-,25.24403100,82.41827200,18-10-2021 08:30,2.1,"",1100,""
500,GANGA U/S VINDHYACHAL MIRZAPUR,CPCB,9,Uttar Pradesh,170,MIRZAPUR,NAGAR (CITY),-,-,-,-,-,-,-,-,25.24403100,82.41827200,08-11-2021 08:30,2.2,"",800,""
501,GANGA U/S VINDHYACHAL MIRZAPUR,CPCB,9,Uttar Pradesh,170,MIRZAPUR,NAGAR (CITY),-,-,-,-,-,-,-,-,25.24403100,82.41827200,29-11-2021 08:30,2.1,"",1100,""
502,GHAGHARA AT DEORIA D/S U.P.,CPCB,9,Uttar Pradesh,137,DEORIA,BARHAJ,-,-,-,-,-,-,-,-,26.16946700,83.86899200,02-01-2021 08:30,4.2,"",28000,""
503,GHAGHARA AT DEORIA D/S U.P.,CPCB,9,Uttar Pradesh,137,DEORIA,BARHAJ,-,-,-,-,-,-,-,-,26.16946700,83.86899200,02-02-2021 08:30,4,"",24000,""
504,GHAGHARA AT DEORIA D/S U.P.,CPCB,9,Uttar Pradesh,137,DEORIA,BARHAJ,-,-,-,-,-,-,-,-,26.16946700,83.86899200,17-03-2021 08:30,4.4,"",26000,""
505,GHAGHARA AT DEORIA D/S U.P.,CPCB,9,Uttar Pradesh,137,DEORIA,BARHAJ,-,-,-,-,-,-,-,-,26.16946700,83.86899200,03-04-2021 08:30,4.6,"",27000,""
506,GHAGHARA AT DEORIA D/S U.P.,CPCB,9,Uttar Pradesh,137,DEORIA,BARHAJ,-,-,-,-,-,-,-,-,26.16946700,83.86899200,02-06-2021 08:30,4,"",22000,""
507,GHAGHARA AT DEORIA D/S U.P.,CPCB,9,Uttar Pradesh,137,DEORIA,BARHAJ,-,-,-,-,-,-,-,-,26.16946700,83.86899200,05-08-2021 08:30,3.6,"",18000,""
508,GHAGHARA AT DEORIA D/S U.P.,CPCB,9,Uttar Pradesh,137,DEORIA,BARHAJ,-,-,-,-,-,-,-,-,26.16946700,83.86899200,06-09-2021 08:30,3.4,"",17000,""
509,GHAGHARA AT DEORIA D/S U.P.,CPCB,9,Uttar Pradesh,137,DEORIA,BARHAJ,-,-,-,-,-,-,-,-,26.16946700,83.86899200,01-10-2021 08:30,3.5,"",18000,""
510,GHAGHARA AT DEORIA D/S U.P.,CPCB,9,Uttar Pradesh,137,DEORIA,BARHAJ,-,-,-,-,-,-,-,-,26.16946700,83.86899200,03-11-2021 08:30,3.8,"",20000,""
511,GHAGHARA AT DEORIA D/S U.P.,CPCB,9,Uttar Pradesh,137,DEORIA,BARHAJ,-,-,-,-,-,-,-,-,26.16946700,83.86899200,02-12-2021 08:30,3.6,"",18000,""
512,GOMTI AT JAUNPUR D/S U.P.,CPCB,9,Uttar Pradesh,152,JAUNPUR,Jaunpur ,-,-,-,-,-,-,-,-,25.75161100,82.72646900,02-01-2021 08:30,3.7,"",13000,""
513,GOMTI AT JAUNPUR D/S U.P.,CPCB,9,Uttar Pradesh,152,JAUNPUR,Jaunpur ,-,-,-,-,-,-,-,-,25.75161100,82.72646900,01-02-2021 08:30,3.8,"",11000,""
514,GOMTI AT JAUNPUR D/S U.P.,CPCB,9,Uttar Pradesh,152,JAUNPUR,Jaunpur ,-,-,-,-,-,-,-,-,25.75161100,82.72646900,02-03-2021 08:30,4.1,"",14000,""
515,GOMTI AT JAUNPUR D/S U.P.,CPCB,9,Uttar Pradesh,152,JAUNPUR,Jaunpur ,-,-,-,-,-,-,-,-,25.75161100,82.72646900,02-04-2021 08:30,4.2,"",13000,""
516,GOMTI AT JAUNPUR D/S U.P.,CPCB,9,Uttar Pradesh,152,JAUNPUR,Jaunpur ,-,-,-,-,-,-,-,-,25.75161100,82.72646900,03-05-2021 08:30,4.3,"",11000,""
517,GOMTI AT JAUNPUR D/S U.P.,CPCB,9,Uttar Pradesh,152,JAUNPUR,Jaunpur ,-,-,-,-,-,-,-,-,25.75161100,82.72646900,02-06-2021 08:30,4.2,"",13000,""
518,GOMTI AT JAUNPUR D/S U.P.,CPCB,9,Uttar Pradesh,152,JAUNPUR,Jaunpur ,-,-,-,-,-,-,-,-,25.75161100,82.72646900,02-07-2021 08:30,4.4,"",11000,""
519,GOMTI AT JAUNPUR D/S U.P.,CPCB,9,Uttar Pradesh,152,JAUNPUR,Jaunpur ,-,-,-,-,-,-,-,-,25.75161100,82.72646900,03-08-2021 08:30,4.1,"",13000,""
520,GOMTI AT JAUNPUR D/S U.P.,CPCB,9,Uttar Pradesh,152,JAUNPUR,Jaunpur ,-,-,-,-,-,-,-,-,25.75161100,82.72646900,02-09-2021 08:30,3.6,"",8000,""
521,GOMTI AT JAUNPUR D/S U.P.,CPCB,9,Uttar Pradesh,152,JAUNPUR,Jaunpur ,-,-,-,-,-,-,-,-,25.75161100,82.72646900,05-10-2021 08:30,3.7,"",13000,""
522,GOMTI AT JAUNPUR D/S U.P.,CPCB,9,Uttar Pradesh,152,JAUNPUR,Jaunpur ,-,-,-,-,-,-,-,-,25.75161100,82.72646900,02-11-2021 08:30,3.5,"",13000,""
523,GOMTI AT JAUNPUR D/S U.P.,CPCB,9,Uttar Pradesh,152,JAUNPUR,Jaunpur ,-,-,-,-,-,-,-,-,25.75161100,82.72646900,02-12-2021 08:30,3.6,"",14000,""
524,GOMTI AT LUCKNOW D/S U.P.,CPCB,9,Uttar Pradesh,162,LUCKNOW,Lucknow,-,-,-,-,-,-,-,-,26.83327500,80.99521100,10-01-2021 08:30,14,"",79000,""
525,GOMTI AT LUCKNOW D/S U.P.,CPCB,9,Uttar Pradesh,162,LUCKNOW,Lucknow,-,-,-,-,-,-,-,-,26.83327500,80.99521100,16-02-2021 08:30,15.2,"",220000,""
526,GOMTI AT LUCKNOW D/S U.P.,CPCB,9,Uttar Pradesh,162,LUCKNOW,Lucknow,-,-,-,-,-,-,-,-,26.83327500,80.99521100,17-03-2021 08:30,15,"",170000,""
527,GOMTI AT LUCKNOW U/S AT WATER INTAKE POINT U.P.,CPCB,9,Uttar Pradesh,162,LUCKNOW,Lucknow,-,-,-,-,-,-,-,-,26.86203100,80.93132200,10-01-2021 08:30,2.8,"",3400,""
528,GOMTI AT LUCKNOW U/S AT WATER INTAKE POINT U.P.,CPCB,9,Uttar Pradesh,162,LUCKNOW,Lucknow,-,-,-,-,-,-,-,-,26.86203100,80.93132200,16-02-2021 08:30,3,"",4000,""
529,GOMTI AT LUCKNOW U/S AT WATER INTAKE POINT U.P.,CPCB,9,Uttar Pradesh,162,LUCKNOW,Lucknow,-,-,-,-,-,-,-,-,26.86203100,80.93132200,17-03-2021 08:30,3.2,"",4000,""
530,GOMTI AT SITAPUR U/S AT WATER INTAKE U.P.,CPCB,9,Uttar Pradesh,183,SITAPUR,SIDHAULI,-,-,-,-,-,-,-,-,27.57287800,80.67895000,15-01-2021 08:30,2,"",790,""
531,GOMTI AT SITAPUR U/S AT WATER INTAKE U.P.,CPCB,9,Uttar Pradesh,183,SITAPUR,SIDHAULI,-,-,-,-,-,-,-,-,27.57287800,80.67895000,15-02-2021 08:30,2.1,"",780,""
532,GOMTI AT SITAPUR U/S AT WATER INTAKE U.P.,CPCB,9,Uttar Pradesh,183,SITAPUR,SIDHAULI,-,-,-,-,-,-,-,-,27.57287800,80.67895000,15-03-2021 08:30,2.2,"",780,""
533,GOMTI AT SITAPUR U/S AT WATER INTAKE U.P.,CPCB,9,Uttar Pradesh,183,SITAPUR,SIDHAULI,-,-,-,-,-,-,-,-,27.57287800,80.67895000,28-05-2021 08:30,2.3,"",780,""
534,GOMTI AT VARANASI U.P,CPCB,9,Uttar Pradesh,187,VARANASI,SEVAPURI,-,-,-,-,-,-,-,-,25.50785600,83.15818100,02-01-2021 08:30,3.5,"",9000,""
535,GOMTI AT VARANASI U.P,CPCB,9,Uttar Pradesh,187,VARANASI,SEVAPURI,-,-,-,-,-,-,-,-,25.50785600,83.15818100,01-02-2021 08:30,3.6,"",11000,""
536,GOMTI AT VARANASI U.P,CPCB,9,Uttar Pradesh,187,VARANASI,SEVAPURI,-,-,-,-,-,-,-,-,25.50785600,83.15818100,02-03-2021 08:30,3.7,"",8000,""
537,GOMTI AT VARANASI U.P,CPCB,9,Uttar Pradesh,187,VARANASI,SEVAPURI,-,-,-,-,-,-,-,-,25.50785600,83.15818100,02-04-2021 08:30,3.8,"",7000,""
538,GOMTI AT VARANASI U.P,CPCB,9,Uttar Pradesh,187,VARANASI,SEVAPURI,-,-,-,-,-,-,-,-,25.50785600,83.15818100,03-05-2021 08:30,3.9,"",8000,""
539,GOMTI AT VARANASI U.P,CPCB,9,Uttar Pradesh,187,VARANASI,SEVAPURI,-,-,-,-,-,-,-,-,25.50785600,83.15818100,02-06-2021 08:30,3.8,"",8000,""
540,GOMTI AT VARANASI U.P,CPCB,9,Uttar Pradesh,187,VARANASI,SEVAPURI,-,-,-,-,-,-,-,-,25.50785600,83.15818100,02-07-2021 08:30,3.7,"",7000,""
541,GOMTI AT VARANASI U.P,CPCB,9,Uttar Pradesh,187,VARANASI,SEVAPURI,-,-,-,-,-,-,-,-,25.50785600,83.15818100,03-08-2021 08:30,3.8,"",8000,""
542,GOMTI AT VARANASI U.P,CPCB,9,Uttar Pradesh,187,VARANASI,SEVAPURI,-,-,-,-,-,-,-,-,25.50785600,83.15818100,02-09-2021 08:30,3.4,"",7000,""
543,GOMTI AT VARANASI U.P,CPCB,9,Uttar Pradesh,187,VARANASI,SEVAPURI,-,-,-,-,-,-,-,-,25.50785600,83.15818100,05-10-2021 08:30,3.3,"",5000,""
544,GOMTI AT VARANASI U.P,CPCB,9,Uttar Pradesh,187,VARANASI,SEVAPURI,-,-,-,-,-,-,-,-,25.50785600,83.15818100,02-11-2021 08:30,3.2,"",5000,""
545,GOMTI AT VARANASI U.P,CPCB,9,Uttar Pradesh,187,VARANASI,SEVAPURI,-,-,-,-,-,-,-,-,25.50785600,83.15818100,02-12-2021 08:30,3.3,"",4900,""
546,GOVIND SAGAR U.P,CPCB,9,Uttar Pradesh,161,LALITPUR,LALITPUR,-,-,-,-,-,-,-,-,24.65122800,78.42313600,14-09-2021 08:30,3.2,"",930,""
547,GOVIND SAGAR U.P,CPCB,9,Uttar Pradesh,161,LALITPUR,LALITPUR,-,-,-,-,-,-,-,-,24.65122800,78.42313600,22-10-2021 08:30,2.6,"","",""
548,HAND PUMP AT NADAUN TOWN,CPCB,9,Uttar Pradesh,149,HAMIRPUR,HAMIRPUR,-,-,-,-,-,-,-,-,31.77811700,76.34441900,04-01-2021 08:30,"","",2,17
549,HAND PUMP AT NADAUN TOWN,CPCB,9,Uttar Pradesh,149,HAMIRPUR,HAMIRPUR,-,-,-,-,-,-,-,-,31.77811700,76.34441900,04-10-2021 08:30,"","",2,17
550,HATHLI NALLAH LIFT WATER SUPPLY SCHEME FOR MUNICIPAL COUNCIL HAMIRPUR,CPCB,9,Uttar Pradesh,149,HAMIRPUR,HAMIRPUR,-,-,-,-,-,-,-,-,31.68079500,76.51466100,04-01-2021 08:30,"","","",""
551,HATHLI NALLAH LIFT WATER SUPPLY SCHEME FOR MUNICIPAL COUNCIL HAMIRPUR,CPCB,9,Uttar Pradesh,149,HAMIRPUR,HAMIRPUR,-,-,-,-,-,-,-,-,31.68079500,76.51466100,02-02-2021 08:30,"","","",""
552,HATHLI NALLAH LIFT WATER SUPPLY SCHEME FOR MUNICIPAL COUNCIL HAMIRPUR,CPCB,9,Uttar Pradesh,149,HAMIRPUR,HAMIRPUR,-,-,-,-,-,-,-,-,31.68079500,76.51466100,12-03-2021 08:30,"","","",""
553,HINDON AFTER CONFL. WITH R. KRISHNA & KALI NEAR BINAULI TOWN MEERUT U.P.,CPCB,9,Uttar Pradesh,145,GHAZIABAD,GHAZIABAD,-,-,-,-,-,-,-,-,28.63592200,77.39434100,23-02-2021 08:30,64,"",110000,""
554,HINDON AFTER CONFL. WITH R. KRISHNA & KALI NEAR BINAULI TOWN MEERUT U.P.,CPCB,9,Uttar Pradesh,145,GHAZIABAD,GHAZIABAD,-,-,-,-,-,-,-,-,28.63592200,77.39434100,25-03-2021 08:30,68,"",120000,""
555,HINDON AFTER CONFL. WITH R. KRISHNA & KALI NEAR BINAULI TOWN MEERUT U.P.,CPCB,9,Uttar Pradesh,145,GHAZIABAD,GHAZIABAD,-,-,-,-,-,-,-,-,28.63592200,77.39434100,26-04-2021 08:30,72,"",130000,""
556,HINDON AFTER CONFL. WITH R. KRISHNA & KALI NEAR BINAULI TOWN MEERUT U.P.,CPCB,9,Uttar Pradesh,145,GHAZIABAD,GHAZIABAD,-,-,-,-,-,-,-,-,28.63592200,77.39434100,18-05-2021 08:30,65,"",120000,""
557,HINDON AFTER CONFL. WITH R. KRISHNA & KALI NEAR BINAULI TOWN MEERUT U.P.,CPCB,9,Uttar Pradesh,145,GHAZIABAD,GHAZIABAD,-,-,-,-,-,-,-,-,28.63592200,77.39434100,17-06-2021 08:30,68,"",130000,""
558,HINDON AFTER CONFL. WITH R. KRISHNA & KALI NEAR BINAULI TOWN MEERUT U.P.,CPCB,9,Uttar Pradesh,145,GHAZIABAD,GHAZIABAD,-,-,-,-,-,-,-,-,28.63592200,77.39434100,17-07-2021 08:30,62,"",120000,""
559,HINDON AFTER CONFL. WITH R. KRISHNA & KALI NEAR BINAULI TOWN MEERUT U.P.,CPCB,9,Uttar Pradesh,145,GHAZIABAD,GHAZIABAD,-,-,-,-,-,-,-,-,28.63592200,77.39434100,20-08-2021 08:30,58,"",110000,""
560,HINDON AFTER CONFL. WITH R. KRISHNA & KALI NEAR BINAULI TOWN MEERUT U.P.,CPCB,9,Uttar Pradesh,145,GHAZIABAD,GHAZIABAD,-,-,-,-,-,-,-,-,28.63592200,77.39434100,24-09-2021 08:30,56,"",120000,""
561,HINDON AFTER CONFL. WITH R. KRISHNA & KALI NEAR BINAULI TOWN MEERUT U.P.,CPCB,9,Uttar Pradesh,145,GHAZIABAD,GHAZIABAD,-,-,-,-,-,-,-,-,28.63592200,77.39434100,22-10-2021 08:30,56,"",120000,""
562,HINDON AFTER CONFL. WITH R. KRISHNA & KALI NEAR BINAULI TOWN MEERUT U.P.,CPCB,9,Uttar Pradesh,145,GHAZIABAD,GHAZIABAD,-,-,-,-,-,-,-,-,28.63592200,77.39434100,25-11-2021 08:30,58,"",110000,""
563,HINDON AFTER CONFL. WITH R. KRISHNA & KALI NEAR BINAULI TOWN MEERUT U.P.,CPCB,9,Uttar Pradesh,145,GHAZIABAD,GHAZIABAD,-,-,-,-,-,-,-,-,28.63592200,77.39434100,13-12-2021 08:30,54,"",94000,""
564,HINDON AT GHAZIABAD D/S U.P.,CPCB,9,Uttar Pradesh,145,GHAZIABAD,GHAZIABAD,-,-,-,-,-,-,-,-,28.67376100,77.40264400,01-01-2021 08:30,45,"",2.2e+06,""
565,HINDON AT GHAZIABAD D/S U.P.,CPCB,9,Uttar Pradesh,145,GHAZIABAD,GHAZIABAD,-,-,-,-,-,-,-,-,28.67376100,77.40264400,15-02-2021 08:30,55,"",2.3e+06,""
566,HINDON AT GHAZIABAD D/S U.P.,CPCB,9,Uttar Pradesh,145,GHAZIABAD,GHAZIABAD,-,-,-,-,-,-,-,-,28.67376100,77.40264400,01-03-2021 08:30,51,"",1.1e+06,""
567,HINDON AT GHAZIABAD D/S U.P.,CPCB,9,Uttar Pradesh,145,GHAZIABAD,GHAZIABAD,-,-,-,-,-,-,-,-,28.67376100,77.40264400,05-04-2021 08:30,55,"",1.3e+06,""
568,HINDON AT GHAZIABAD D/S U.P.,CPCB,9,Uttar Pradesh,145,GHAZIABAD,GHAZIABAD,-,-,-,-,-,-,-,-,28.67376100,77.40264400,08-05-2021 08:30,58,"",1.3e+07,""
569,HINDON AT GHAZIABAD D/S U.P.,CPCB,9,Uttar Pradesh,145,GHAZIABAD,GHAZIABAD,-,-,-,-,-,-,-,-,28.67376100,77.40264400,17-06-2021 08:30,46,"",1.1e+06,""
570,HINDON AT GHAZIABAD D/S U.P.,CPCB,9,Uttar Pradesh,145,GHAZIABAD,GHAZIABAD,-,-,-,-,-,-,-,-,28.67376100,77.40264400,22-07-2021 08:30,54,"",120000,""
571,HINDON AT GHAZIABAD D/S U.P.,CPCB,9,Uttar Pradesh,145,GHAZIABAD,GHAZIABAD,-,-,-,-,-,-,-,-,28.67376100,77.40264400,31-08-2021 08:30,45,"",35000,""
572,HINDON AT GHAZIABAD D/S U.P.,CPCB,9,Uttar Pradesh,145,GHAZIABAD,GHAZIABAD,-,-,-,-,-,-,-,-,28.67376100,77.40264400,14-09-2021 08:30,40,"",23000,""
573,HINDON AT GHAZIABAD D/S U.P.,CPCB,9,Uttar Pradesh,145,GHAZIABAD,GHAZIABAD,-,-,-,-,-,-,-,-,28.67376100,77.40264400,22-10-2021 08:30,35,"",120000,""
574,HINDON AT GHAZIABAD D/S U.P.,CPCB,9,Uttar Pradesh,145,GHAZIABAD,GHAZIABAD,-,-,-,-,-,-,-,-,28.67376100,77.40264400,23-11-2021 08:30,53,"",170000,""
575,HINDON AT GHAZIABAD D/S U.P.,CPCB,9,Uttar Pradesh,145,GHAZIABAD,GHAZIABAD,-,-,-,-,-,-,-,-,28.67376100,77.40264400,08-12-2021 08:30,50,"",140000,""
576,KALINADI AT D/S OF MUZAFFAR NAGAR U.P.,CPCB,9,Uttar Pradesh,172,MUZAFFARNAGAR,MUZAFFARNAGAR,-,-,-,-,-,-,-,-,29.43253300,77.67595300,21-01-2021 08:30,34,"","",""
577,KALINADI AT D/S OF MUZAFFAR NAGAR U.P.,CPCB,9,Uttar Pradesh,172,MUZAFFARNAGAR,MUZAFFARNAGAR,-,-,-,-,-,-,-,-,29.43253300,77.67595300,03-02-2021 08:30,30,"","",""
578,KALINADI AT D/S OF MUZAFFAR NAGAR U.P.,CPCB,9,Uttar Pradesh,172,MUZAFFARNAGAR,MUZAFFARNAGAR,-,-,-,-,-,-,-,-,29.43253300,77.67595300,05-03-2021 08:30,28,"","",""
579,KALINADI AT D/S OF MUZAFFAR NAGAR U.P.,CPCB,9,Uttar Pradesh,172,MUZAFFARNAGAR,MUZAFFARNAGAR,-,-,-,-,-,-,-,-,29.43253300,77.67595300,07-04-2021 08:30,27,"","",""
580,KALINADI AT D/S OF MUZAFFAR NAGAR U.P.,CPCB,9,Uttar Pradesh,172,MUZAFFARNAGAR,MUZAFFARNAGAR,-,-,-,-,-,-,-,-,29.43253300,77.67595300,29-05-2021 08:30,30,"","",""
581,KALINADI AT D/S OF MUZAFFAR NAGAR U.P.,CPCB,9,Uttar Pradesh,172,MUZAFFARNAGAR,MUZAFFARNAGAR,-,-,-,-,-,-,-,-,29.43253300,77.67595300,16-06-2021 08:30,28,"","",""
582,KALINADI AT D/S OF MUZAFFAR NAGAR U.P.,CPCB,9,Uttar Pradesh,172,MUZAFFARNAGAR,MUZAFFARNAGAR,-,-,-,-,-,-,-,-,29.43253300,77.67595300,28-07-2021 08:30,26,"","",""
583,KALINADI AT D/S OF MUZAFFAR NAGAR U.P.,CPCB,9,Uttar Pradesh,172,MUZAFFARNAGAR,MUZAFFARNAGAR,-,-,-,-,-,-,-,-,29.43253300,77.67595300,26-08-2021 08:30,22,"","",""
584,KALINADI AT D/S OF MUZAFFAR NAGAR U.P.,CPCB,9,Uttar Pradesh,172,MUZAFFARNAGAR,MUZAFFARNAGAR,-,-,-,-,-,-,-,-,29.43253300,77.67595300,24-09-2021 08:30,24,"","",""
585,KALINADI AT D/S OF MUZAFFAR NAGAR U.P.,CPCB,9,Uttar Pradesh,172,MUZAFFARNAGAR,MUZAFFARNAGAR,-,-,-,-,-,-,-,-,29.43253300,77.67595300,29-10-2021 08:30,22,"","",""
586,KALINADI AT D/S OF MUZAFFAR NAGAR U.P.,CPCB,9,Uttar Pradesh,172,MUZAFFARNAGAR,MUZAFFARNAGAR,-,-,-,-,-,-,-,-,29.43253300,77.67595300,25-11-2021 08:30,24,"","",""
587,KALINADI AT D/S OF MUZAFFAR NAGAR U.P.,CPCB,9,Uttar Pradesh,172,MUZAFFARNAGAR,MUZAFFARNAGAR,-,-,-,-,-,-,-,-,29.43253300,77.67595300,28-12-2021 08:30,26,"","",""
588,KALINADI AT KANNAUJ (BEFORE CONF.) U.P,CPCB,9,Uttar Pradesh,150,HARDOI,BILGRAM,-,-,-,-,-,-,-,-,27.16131400,79.91991400,05-01-2021 08:30,3.5,"",21000,""
589,KALINADI AT KANNAUJ (BEFORE CONF.) U.P,CPCB,9,Uttar Pradesh,150,HARDOI,BILGRAM,-,-,-,-,-,-,-,-,27.16131400,79.91991400,02-02-2021 08:30,2.9,"",20000,""
590,KALINADI AT KANNAUJ (BEFORE CONF.) U.P,CPCB,9,Uttar Pradesh,150,HARDOI,BILGRAM,-,-,-,-,-,-,-,-,27.16131400,79.91991400,06-04-2021 08:30,5.5,"",17000,""
591,KALINADI AT KANNAUJ (BEFORE CONF.) U.P,CPCB,9,Uttar Pradesh,150,HARDOI,BILGRAM,-,-,-,-,-,-,-,-,27.16131400,79.91991400,11-05-2021 08:30,5.7,"",14000,""
592,KALINADI AT KANNAUJ (BEFORE CONF.) U.P,CPCB,9,Uttar Pradesh,150,HARDOI,BILGRAM,-,-,-,-,-,-,-,-,27.16131400,79.91991400,08-06-2021 08:30,5.5,"",17000,""
593,KALINADI AT KANNAUJ (BEFORE CONF.) U.P,CPCB,9,Uttar Pradesh,150,HARDOI,BILGRAM,-,-,-,-,-,-,-,-,27.16131400,79.91991400,06-07-2021 08:30,5.5,"",15000,""
594,KALINADI AT KANNAUJ (BEFORE CONF.) U.P,CPCB,9,Uttar Pradesh,150,HARDOI,BILGRAM,-,-,-,-,-,-,-,-,27.16131400,79.91991400,10-08-2021 08:30,"","",13000,""
595,KALINADI AT KANNAUJ (BEFORE CONF.) U.P,CPCB,9,Uttar Pradesh,150,HARDOI,BILGRAM,-,-,-,-,-,-,-,-,27.16131400,79.91991400,21-09-2021 08:30,"","",7900,""
596,KALINADI AT KANNAUJ (BEFORE CONF.) U.P,CPCB,9,Uttar Pradesh,150,HARDOI,BILGRAM,-,-,-,-,-,-,-,-,27.16131400,79.91991400,08-11-2021 08:30,"","",6300,""
597,KALINADI AT KANNAUJ (BEFORE CONF.) U.P,CPCB,9,Uttar Pradesh,150,HARDOI,BILGRAM,-,-,-,-,-,-,-,-,27.16131400,79.91991400,06-12-2021 08:30,4.9,"",6800,""
598,KALINADI AT U/S OF GULAOTHI TOWN IN BULANDSAHAR U.P.,CPCB,9,Uttar Pradesh,134,Buland Shahar,Buland Shahar,-,-,-,-,-,-,-,-,28.59152500,77.82485600,17-01-2021 08:30,64,"",130000,""
599,KALINADI AT U/S OF GULAOTHI TOWN IN BULANDSAHAR U.P.,CPCB,9,Uttar Pradesh,134,Buland Shahar,Buland Shahar,-,-,-,-,-,-,-,-,28.59152500,77.82485600,09-02-2021 08:30,56,"",170000,""
600,KALINADI AT U/S OF GULAOTHI TOWN IN BULANDSAHAR U.P.,CPCB,9,Uttar Pradesh,134,Buland Shahar,Buland Shahar,-,-,-,-,-,-,-,-,28.59152500,77.82485600,19-03-2021 08:30,60,"",190000,""
601,KALINADI AT U/S OF GULAOTHI TOWN IN BULANDSAHAR U.P.,CPCB,9,Uttar Pradesh,134,Buland Shahar,Buland Shahar,-,-,-,-,-,-,-,-,28.59152500,77.82485600,16-04-2021 08:30,52,"",160000,""
602,KALINADI AT U/S OF GULAOTHI TOWN IN BULANDSAHAR U.P.,CPCB,9,Uttar Pradesh,134,Buland Shahar,Buland Shahar,-,-,-,-,-,-,-,-,28.59152500,77.82485600,11-05-2021 08:30,60,"",170000,""
603,KALINADI AT U/S OF GULAOTHI TOWN IN BULANDSAHAR U.P.,CPCB,9,Uttar Pradesh,134,Buland Shahar,Buland Shahar,-,-,-,-,-,-,-,-,28.59152500,77.82485600,15-06-2021 08:30,52,"",170000,""
604,KALINADI AT U/S OF GULAOTHI TOWN IN BULANDSAHAR U.P.,CPCB,9,Uttar Pradesh,134,Buland Shahar,Buland Shahar,-,-,-,-,-,-,-,-,28.59152500,77.82485600,20-07-2021 08:30,58,"",170000,""
605,KALINADI AT U/S OF GULAOTHI TOWN IN BULANDSAHAR U.P.,CPCB,9,Uttar Pradesh,134,Buland Shahar,Buland Shahar,-,-,-,-,-,-,-,-,28.59152500,77.82485600,17-08-2021 08:30,52,"",1.7e+06,""
606,KALINADI AT U/S OF GULAOTHI TOWN IN BULANDSAHAR U.P.,CPCB,9,Uttar Pradesh,134,Buland Shahar,Buland Shahar,-,-,-,-,-,-,-,-,28.59152500,77.82485600,21-09-2021 08:30,56,"",2.7e+06,""
607,KALINADI AT U/S OF GULAOTHI TOWN IN BULANDSAHAR U.P.,CPCB,9,Uttar Pradesh,134,Buland Shahar,Buland Shahar,-,-,-,-,-,-,-,-,28.59152500,77.82485600,19-10-2021 08:30,56,"",1.7e+06,""
608,KALINADI AT U/S OF GULAOTHI TOWN IN BULANDSAHAR U.P.,CPCB,9,Uttar Pradesh,134,Buland Shahar,Buland Shahar,-,-,-,-,-,-,-,-,28.59152500,77.82485600,16-11-2021 08:30,56,"",2.1e+06,""
609,KALINADI AT U/S OF GULAOTHI TOWN IN BULANDSAHAR U.P.,CPCB,9,Uttar Pradesh,134,Buland Shahar,Buland Shahar,-,-,-,-,-,-,-,-,28.59152500,77.82485600,14-12-2021 08:30,58,"",3.5e+06,""
610,KALINADI AT U/S OF MUZAFFAR NAGAR U.P.,CPCB,9,Uttar Pradesh,172,MUZAFFARNAGAR,MUZAFFARNAGAR,-,-,-,-,-,-,-,-,29.47458100,77.67095000,21-01-2021 08:30,11,"","",""
611,KALINADI AT U/S OF MUZAFFAR NAGAR U.P.,CPCB,9,Uttar Pradesh,172,MUZAFFARNAGAR,MUZAFFARNAGAR,-,-,-,-,-,-,-,-,29.47458100,77.67095000,03-02-2021 08:30,14,"","",""
612,KALINADI AT U/S OF MUZAFFAR NAGAR U.P.,CPCB,9,Uttar Pradesh,172,MUZAFFARNAGAR,MUZAFFARNAGAR,-,-,-,-,-,-,-,-,29.47458100,77.67095000,05-03-2021 08:30,15,"","",""
613,KALINADI AT U/S OF MUZAFFAR NAGAR U.P.,CPCB,9,Uttar Pradesh,172,MUZAFFARNAGAR,MUZAFFARNAGAR,-,-,-,-,-,-,-,-,29.47458100,77.67095000,07-04-2021 08:30,14,"","",""
614,KALINADI AT U/S OF MUZAFFAR NAGAR U.P.,CPCB,9,Uttar Pradesh,172,MUZAFFARNAGAR,MUZAFFARNAGAR,-,-,-,-,-,-,-,-,29.47458100,77.67095000,29-05-2021 08:30,12,"","",""
615,KALINADI AT U/S OF MUZAFFAR NAGAR U.P.,CPCB,9,Uttar Pradesh,172,MUZAFFARNAGAR,MUZAFFARNAGAR,-,-,-,-,-,-,-,-,29.47458100,77.67095000,16-06-2021 08:30,2,"","",""
616,KALINADI AT U/S OF MUZAFFAR NAGAR U.P.,CPCB,9,Uttar Pradesh,172,MUZAFFARNAGAR,MUZAFFARNAGAR,-,-,-,-,-,-,-,-,29.47458100,77.67095000,28-07-2021 08:30,12,"","",""
617,KALINADI AT U/S OF MUZAFFAR NAGAR U.P.,CPCB,9,Uttar Pradesh,172,MUZAFFARNAGAR,MUZAFFARNAGAR,-,-,-,-,-,-,-,-,29.47458100,77.67095000,26-08-2021 08:30,10,"","",""
618,KALINADI AT U/S OF MUZAFFAR NAGAR U.P.,CPCB,9,Uttar Pradesh,172,MUZAFFARNAGAR,MUZAFFARNAGAR,-,-,-,-,-,-,-,-,29.47458100,77.67095000,24-09-2021 08:30,11,"","",""
619,KALINADI AT U/S OF MUZAFFAR NAGAR U.P.,CPCB,9,Uttar Pradesh,172,MUZAFFARNAGAR,MUZAFFARNAGAR,-,-,-,-,-,-,-,-,29.47458100,77.67095000,29-10-2021 08:30,12,"","",""
620,KALINADI AT U/S OF MUZAFFAR NAGAR U.P.,CPCB,9,Uttar Pradesh,172,MUZAFFARNAGAR,MUZAFFARNAGAR,-,-,-,-,-,-,-,-,29.47458100,77.67095000,25-11-2021 08:30,11,"","",""
621,KALINADI AT U/S OF MUZAFFAR NAGAR U.P.,CPCB,9,Uttar Pradesh,172,MUZAFFARNAGAR,MUZAFFARNAGAR,-,-,-,-,-,-,-,-,29.47458100,77.67095000,28-12-2021 08:30,12,"","",""
622,KOSHI RIVER AT KASHIPUR BAJPUR ROAD BRIDGE,CPCB,9,Uttar Pradesh,176,RAMPUR,SUAR,-,-,-,-,-,-,-,-,29.15869400,79.03956000,26-01-2021 08:30,4,"","",""
623,KOSHI RIVER AT KASHIPUR BAJPUR ROAD BRIDGE,CPCB,9,Uttar Pradesh,176,RAMPUR,SUAR,-,-,-,-,-,-,-,-,29.15869400,79.03956000,24-02-2021 08:30,3,"","",""
624,KOSHI RIVER AT KASHIPUR BAJPUR ROAD BRIDGE,CPCB,9,Uttar Pradesh,176,RAMPUR,SUAR,-,-,-,-,-,-,-,-,29.15869400,79.03956000,22-03-2021 08:30,3.2,"","",""
625,KOSHI RIVER AT KASHIPUR BAJPUR ROAD BRIDGE,CPCB,9,Uttar Pradesh,176,RAMPUR,SUAR,-,-,-,-,-,-,-,-,29.15869400,79.03956000,22-04-2021 08:30,3.5,"","",""
626,KOSHI RIVER AT KASHIPUR BAJPUR ROAD BRIDGE,CPCB,9,Uttar Pradesh,176,RAMPUR,SUAR,-,-,-,-,-,-,-,-,29.15869400,79.03956000,28-05-2021 08:30,3.2,"","",""
627,KOSHI RIVER AT KASHIPUR BAJPUR ROAD BRIDGE,CPCB,9,Uttar Pradesh,176,RAMPUR,SUAR,-,-,-,-,-,-,-,-,29.15869400,79.03956000,21-06-2021 08:30,3,"","",""
628,KOSHI RIVER AT KASHIPUR BAJPUR ROAD BRIDGE,CPCB,9,Uttar Pradesh,176,RAMPUR,SUAR,-,-,-,-,-,-,-,-,29.15869400,79.03956000,19-07-2021 08:30,6,"",94,""
629,KOSHI RIVER AT KASHIPUR BAJPUR ROAD BRIDGE,CPCB,9,Uttar Pradesh,176,RAMPUR,SUAR,-,-,-,-,-,-,-,-,29.15869400,79.03956000,11-08-2021 08:30,4.9,"",79,""
630,KOSHI RIVER AT KASHIPUR BAJPUR ROAD BRIDGE,CPCB,9,Uttar Pradesh,176,RAMPUR,SUAR,-,-,-,-,-,-,-,-,29.15869400,79.03956000,06-09-2021 08:30,4.6,"",110,""
631,KOSHI RIVER AT KASHIPUR BAJPUR ROAD BRIDGE,CPCB,9,Uttar Pradesh,176,RAMPUR,SUAR,-,-,-,-,-,-,-,-,29.15869400,79.03956000,06-10-2021 08:30,5.5,"",84,""
632,KOSHI RIVER AT KASHIPUR BAJPUR ROAD BRIDGE,CPCB,9,Uttar Pradesh,176,RAMPUR,SUAR,-,-,-,-,-,-,-,-,29.15869400,79.03956000,18-11-2021 08:30,5,"",70,""
633,KOSHI RIVER AT KASHIPUR BAJPUR ROAD BRIDGE,CPCB,9,Uttar Pradesh,176,RAMPUR,SUAR,-,-,-,-,-,-,-,-,29.15869400,79.03956000,14-12-2021 08:30,4.6,"",63,""
634,KOSI AT DADIYAL BRIDGE UTTRAKHAND,CPCB,9,Uttar Pradesh,176,RAMPUR,SUAR,-,-,-,-,-,-,-,-,29.05287000,79.02012300,01-02-2021 08:30,4.3,"",780,""
635,KOSI AT DADIYAL BRIDGE UTTRAKHAND,CPCB,9,Uttar Pradesh,176,RAMPUR,SUAR,-,-,-,-,-,-,-,-,29.05287000,79.02012300,28-06-2021 08:30,2.2,"",140,""
636,KOSI AT DADIYAL BRIDGE UTTRAKHAND,CPCB,9,Uttar Pradesh,176,RAMPUR,SUAR,-,-,-,-,-,-,-,-,29.05287000,79.02012300,16-08-2021 08:30,3,"",4400,""
637,KOSI AT DADIYAL BRIDGE UTTRAKHAND,CPCB,9,Uttar Pradesh,176,RAMPUR,SUAR,-,-,-,-,-,-,-,-,29.05287000,79.02012300,20-10-2021 08:30,2,"",4500,""
638,LAXMI POND JHANSI,CPCB,9,Uttar Pradesh,153,JHANSI,Jhansi,-,-,-,-,-,-,-,-,25.46004400,78.58971700,23-09-2021 08:30,15,"","",""
639,LAXMI POND JHANSI,CPCB,9,Uttar Pradesh,153,JHANSI,Jhansi,-,-,-,-,-,-,-,-,25.46004400,78.58971700,11-10-2021 08:30,6.8,"","",""
640,LAXMI POND JHANSI,CPCB,9,Uttar Pradesh,153,JHANSI,Jhansi,-,-,-,-,-,-,-,-,25.46004400,78.58971700,11-11-2021 08:30,6,"","",""
641,LAXMI POND JHANSI,CPCB,9,Uttar Pradesh,153,JHANSI,Jhansi,-,-,-,-,-,-,-,-,25.46004400,78.58971700,14-12-2021 08:30,8,"","",""
642,LIFT WATER SUPPLY SCHEME (PANJARAR) AND BHOTA ROPARI & UJHAN,CPCB,9,Uttar Pradesh,149,HAMIRPUR,HAMIRPUR,-,-,-,-,-,-,-,-,31.61441700,76.45992900,04-01-2021 08:30,"","","",""
643,LIFT WATER SUPPLY SCHEME (PANJARAR) AND BHOTA ROPARI & UJHAN,CPCB,9,Uttar Pradesh,149,HAMIRPUR,HAMIRPUR,-,-,-,-,-,-,-,-,31.61441700,76.45992900,02-02-2021 08:30,"","","",""
644,LIFT WATER SUPPLY SCHEME (PANJARAR) AND BHOTA ROPARI & UJHAN,CPCB,9,Uttar Pradesh,149,HAMIRPUR,HAMIRPUR,-,-,-,-,-,-,-,-,31.61441700,76.45992900,12-03-2021 08:30,"","","",""
645,MAAHIL POND URAI TEHSIL JALAUN,CPCB,9,Uttar Pradesh,151,JALAUN,ORAI,-,-,-,-,-,-,-,-,25.98725600,79.44874400,23-09-2021 08:30,32,"","",6300
646,MAAHIL POND URAI TEHSIL JALAUN,CPCB,9,Uttar Pradesh,151,JALAUN,ORAI,-,-,-,-,-,-,-,-,25.98725600,79.44874400,26-10-2021 08:30,18,"","",""
647,MAAHIL POND URAI TEHSIL JALAUN,CPCB,9,Uttar Pradesh,151,JALAUN,ORAI,-,-,-,-,-,-,-,-,25.98725600,79.44874400,26-11-2021 08:30,16,"","",""
648,MAAHIL POND URAI TEHSIL JALAUN,CPCB,9,Uttar Pradesh,151,JALAUN,ORAI,-,-,-,-,-,-,-,-,25.98725600,79.44874400,21-12-2021 08:30,18,"","",""
649,MIRZAPUR INDUSTRIAL AREA U.P,CPCB,9,Uttar Pradesh,170,MIRZAPUR,NAGAR (CITY),-,-,-,-,-,-,-,-,25.14595600,82.56568300,15-06-2021 08:30,"","","",346
650,NEAR M/S KUMAR INTER NATIONAL LAKDI FAZALPUR DELHI ROAD MORADABAD,CPCB,9,Uttar Pradesh,171,MORADABAD,MORADABAD,-,-,-,-,-,-,-,-,28.82163100,78.72447800,20-04-2021 08:30,"","","",34
651,NEAR M/S KUMAR INTER NATIONAL LAKDI FAZALPUR DELHI ROAD MORADABAD,CPCB,9,Uttar Pradesh,171,MORADABAD,MORADABAD,-,-,-,-,-,-,-,-,28.82163100,78.72447800,24-10-2021 08:30,"","","",31
652,PILKHAR AT RAMPUR BHOT(U.P),CPCB,9,Uttar Pradesh,176,RAMPUR,BILASPUR,-,-,-,-,-,-,-,-,28.84816700,79.15891700,01-02-2021 08:30,2.3,"",1800,""
653,PILKHAR AT RAMPUR BHOT(U.P),CPCB,9,Uttar Pradesh,176,RAMPUR,BILASPUR,-,-,-,-,-,-,-,-,28.84816700,79.15891700,28-06-2021 08:30,3.5,"",1300,""
654,PILKHAR AT RAMPUR BHOT(U.P),CPCB,9,Uttar Pradesh,176,RAMPUR,BILASPUR,-,-,-,-,-,-,-,-,28.84816700,79.15891700,16-08-2021 08:30,3,"",13000,""
655,PILKHAR AT RAMPUR BHOT(U.P),CPCB,9,Uttar Pradesh,176,RAMPUR,BILASPUR,-,-,-,-,-,-,-,-,28.84816700,79.15891700,20-10-2021 08:30,3,"",2700,""
656,PILKHAR RIVER AFTER BILASPUR RAMPUR,CPCB,9,Uttar Pradesh,176,RAMPUR,BILASPUR,-,-,-,-,-,-,-,-,28.84816200,79.15892800,26-01-2021 08:30,3.8,"","",""
657,PILKHAR RIVER AFTER BILASPUR RAMPUR,CPCB,9,Uttar Pradesh,176,RAMPUR,BILASPUR,-,-,-,-,-,-,-,-,28.84816200,79.15892800,25-02-2021 08:30,5.1,"","",""
658,PILKHAR RIVER AFTER BILASPUR RAMPUR,CPCB,9,Uttar Pradesh,176,RAMPUR,BILASPUR,-,-,-,-,-,-,-,-,28.84816200,79.15892800,23-03-2021 08:30,5.2,"","",""
659,PILKHAR RIVER AFTER BILASPUR RAMPUR,CPCB,9,Uttar Pradesh,176,RAMPUR,BILASPUR,-,-,-,-,-,-,-,-,28.84816200,79.15892800,23-04-2021 08:30,5.8,"","",""
660,PILKHAR RIVER AFTER BILASPUR RAMPUR,CPCB,9,Uttar Pradesh,176,RAMPUR,BILASPUR,-,-,-,-,-,-,-,-,28.84816200,79.15892800,27-05-2021 08:30,5.3,"","",""
661,PILKHAR RIVER AFTER BILASPUR RAMPUR,CPCB,9,Uttar Pradesh,176,RAMPUR,BILASPUR,-,-,-,-,-,-,-,-,28.84816200,79.15892800,21-06-2021 08:30,5.2,"","",""
662,PILKHAR RIVER AFTER BILASPUR RAMPUR,CPCB,9,Uttar Pradesh,176,RAMPUR,BILASPUR,-,-,-,-,-,-,-,-,28.84816200,79.15892800,19-07-2021 08:30,12,"",540,""
663,PILKHAR RIVER AFTER BILASPUR RAMPUR,CPCB,9,Uttar Pradesh,176,RAMPUR,BILASPUR,-,-,-,-,-,-,-,-,28.84816200,79.15892800,12-08-2021 08:30,9.3,"",540,""
664,PILKHAR RIVER AFTER BILASPUR RAMPUR,CPCB,9,Uttar Pradesh,176,RAMPUR,BILASPUR,-,-,-,-,-,-,-,-,28.84816200,79.15892800,07-09-2021 08:30,9.6,"",920,""
665,PILKHAR RIVER AFTER BILASPUR RAMPUR,CPCB,9,Uttar Pradesh,176,RAMPUR,BILASPUR,-,-,-,-,-,-,-,-,28.84816200,79.15892800,07-10-2021 08:30,13.5,"",540,""
666,PILKHAR RIVER AFTER BILASPUR RAMPUR,CPCB,9,Uttar Pradesh,176,RAMPUR,BILASPUR,-,-,-,-,-,-,-,-,28.84816200,79.15892800,17-11-2021 08:30,14.5,"",350,""
667,PILKHAR RIVER AFTER BILASPUR RAMPUR,CPCB,9,Uttar Pradesh,176,RAMPUR,BILASPUR,-,-,-,-,-,-,-,-,28.84816200,79.15892800,16-12-2021 08:30,12,"",280,""
668,RAMGANGA AT D/S SHERKOT KALAGARH (U.P.),CPCB,9,Uttar Pradesh,132,BIJNOR,DHAMPUR,-,-,-,-,-,-,-,-,29.31003200,78.63653000,21-09-2021 08:30,"","",790000,""
669,RAMGANGA AT D/S SHERKOT KALAGARH (U.P.),CPCB,9,Uttar Pradesh,132,BIJNOR,DHAMPUR,-,-,-,-,-,-,-,-,29.31003200,78.63653000,14-12-2021 08:30,"","",170000,""
670,RAMGANGA AT KANNAUJ (BEFORE CONF.) U.P,CPCB,9,Uttar Pradesh,150,HARDOI,SHAHABAD,-,-,-,-,-,-,-,-,27.19082200,79.81826100,05-01-2021 08:30,3.9,"",14000,""
671,RAMGANGA AT KANNAUJ (BEFORE CONF.) U.P,CPCB,9,Uttar Pradesh,150,HARDOI,SHAHABAD,-,-,-,-,-,-,-,-,27.19082200,79.81826100,02-02-2021 08:30,4.1,"",11000,""
672,RAMGANGA AT KANNAUJ (BEFORE CONF.) U.P,CPCB,9,Uttar Pradesh,150,HARDOI,SHAHABAD,-,-,-,-,-,-,-,-,27.19082200,79.81826100,11-05-2021 08:30,3.7,"",7900,""
673,RAMGANGA AT KANNAUJ (BEFORE CONF.) U.P,CPCB,9,Uttar Pradesh,150,HARDOI,SHAHABAD,-,-,-,-,-,-,-,-,27.19082200,79.81826100,08-06-2021 08:30,4.6,"",11000,""
674,RAMGANGA AT KANNAUJ (BEFORE CONF.) U.P,CPCB,9,Uttar Pradesh,150,HARDOI,SHAHABAD,-,-,-,-,-,-,-,-,27.19082200,79.81826100,06-07-2021 08:30,4.6,"",12000,""
675,RAMGANGA AT KANNAUJ (BEFORE CONF.) U.P,CPCB,9,Uttar Pradesh,150,HARDOI,SHAHABAD,-,-,-,-,-,-,-,-,27.19082200,79.81826100,10-08-2021 08:30,3.2,"",7000,""
676,RAMGANGA AT KANNAUJ (BEFORE CONF.) U.P,CPCB,9,Uttar Pradesh,150,HARDOI,SHAHABAD,-,-,-,-,-,-,-,-,27.19082200,79.81826100,07-09-2021 08:30,"","",7900,""
677,RAMGANGA AT KANNAUJ (BEFORE CONF.) U.P,CPCB,9,Uttar Pradesh,150,HARDOI,SHAHABAD,-,-,-,-,-,-,-,-,27.19082200,79.81826100,08-11-2021 08:30,"","",6300,""
678,RAMGANGA AT KANNAUJ (BEFORE CONF.) U.P,CPCB,9,Uttar Pradesh,150,HARDOI,SHAHABAD,-,-,-,-,-,-,-,-,27.19082200,79.81826100,06-12-2021 08:30,4.4,"",3500,""
679,RAMGARH LAKE U.P.,CPCB,9,Uttar Pradesh,148,GORAKHPUR,Gorakhpur,-,-,-,-,-,-,-,-,26.74916400,83.39726100,06-01-2021 08:30,6,"","",55000
680,RAMGARH LAKE U.P.,CPCB,9,Uttar Pradesh,148,GORAKHPUR,Gorakhpur,-,-,-,-,-,-,-,-,26.74916400,83.39726100,05-02-2021 08:30,6.2,"","",58000
681,RAMGARH LAKE U.P.,CPCB,9,Uttar Pradesh,148,GORAKHPUR,Gorakhpur,-,-,-,-,-,-,-,-,26.74916400,83.39726100,16-03-2021 08:30,6.6,"","",60000
682,RAMGARH LAKE U.P.,CPCB,9,Uttar Pradesh,148,GORAKHPUR,Gorakhpur,-,-,-,-,-,-,-,-,26.74916400,83.39726100,02-04-2021 08:30,6.8,"","",62000
683,RAMGARH LAKE U.P.,CPCB,9,Uttar Pradesh,148,GORAKHPUR,Gorakhpur,-,-,-,-,-,-,-,-,26.74916400,83.39726100,07-06-2021 08:30,6.7,"","",62000
684,RAMGARH LAKE U.P.,CPCB,9,Uttar Pradesh,148,GORAKHPUR,Gorakhpur,-,-,-,-,-,-,-,-,26.74916400,83.39726100,06-08-2021 08:30,6.2,"","",62000
685,RAMGARH LAKE U.P.,CPCB,9,Uttar Pradesh,148,GORAKHPUR,Gorakhpur,-,-,-,-,-,-,-,-,26.74916400,83.39726100,03-09-2021 08:30,6.4,"","",60000
686,RAMGARH LAKE U.P.,CPCB,9,Uttar Pradesh,148,GORAKHPUR,Gorakhpur,-,-,-,-,-,-,-,-,26.74916400,83.39726100,05-10-2021 08:30,6.6,"","",62000
687,RAMGARH LAKE U.P.,CPCB,9,Uttar Pradesh,148,GORAKHPUR,Gorakhpur,-,-,-,-,-,-,-,-,26.74916400,83.39726100,08-11-2021 08:30,5.4,"","",64000
688,RAMGARH LAKE U.P.,CPCB,9,Uttar Pradesh,148,GORAKHPUR,Gorakhpur,-,-,-,-,-,-,-,-,26.74916400,83.39726100,01-12-2021 08:30,5.2,"","",62000
689,RAPTI AFTER CONFL. OF R. HONIN NR. DOMINGARH RLY BRIDGE GORAKHPUR U.P.,CPCB,9,Uttar Pradesh,148,GORAKHPUR,Gorakhpur,-,-,-,-,-,-,-,-,26.75469200,83.33421100,04-01-2021 08:30,4.2,"",20000,""
690,RAPTI AFTER CONFL. OF R. HONIN NR. DOMINGARH RLY BRIDGE GORAKHPUR U.P.,CPCB,9,Uttar Pradesh,148,GORAKHPUR,Gorakhpur,-,-,-,-,-,-,-,-,26.75469200,83.33421100,01-02-2021 08:30,4,"",18000,""
691,RAPTI AFTER CONFL. OF R. HONIN NR. DOMINGARH RLY BRIDGE GORAKHPUR U.P.,CPCB,9,Uttar Pradesh,148,GORAKHPUR,Gorakhpur,-,-,-,-,-,-,-,-,26.75469200,83.33421100,15-03-2021 08:30,4.2,"",20000,""
692,RAPTI AFTER CONFL. OF R. HONIN NR. DOMINGARH RLY BRIDGE GORAKHPUR U.P.,CPCB,9,Uttar Pradesh,148,GORAKHPUR,Gorakhpur,-,-,-,-,-,-,-,-,26.75469200,83.33421100,01-04-2021 08:30,4.3,"",22000,""
693,RAPTI AFTER CONFL. OF R. HONIN NR. DOMINGARH RLY BRIDGE GORAKHPUR U.P.,CPCB,9,Uttar Pradesh,148,GORAKHPUR,Gorakhpur,-,-,-,-,-,-,-,-,26.75469200,83.33421100,03-06-2021 08:30,4,"",18000,""
694,RAPTI AFTER CONFL. OF R. HONIN NR. DOMINGARH RLY BRIDGE GORAKHPUR U.P.,CPCB,9,Uttar Pradesh,148,GORAKHPUR,Gorakhpur,-,-,-,-,-,-,-,-,26.75469200,83.33421100,02-08-2021 08:30,3.4,"",14000,""
695,RAPTI AFTER CONFL. OF R. HONIN NR. DOMINGARH RLY BRIDGE GORAKHPUR U.P.,CPCB,9,Uttar Pradesh,148,GORAKHPUR,Gorakhpur,-,-,-,-,-,-,-,-,26.75469200,83.33421100,01-09-2021 08:30,3.2,"",13000,""
696,RAPTI AFTER CONFL. OF R. HONIN NR. DOMINGARH RLY BRIDGE GORAKHPUR U.P.,CPCB,9,Uttar Pradesh,148,GORAKHPUR,Gorakhpur,-,-,-,-,-,-,-,-,26.75469200,83.33421100,06-10-2021 08:30,3.3,"",14000,""
697,RAPTI AFTER CONFL. OF R. HONIN NR. DOMINGARH RLY BRIDGE GORAKHPUR U.P.,CPCB,9,Uttar Pradesh,148,GORAKHPUR,Gorakhpur,-,-,-,-,-,-,-,-,26.75469200,83.33421100,01-11-2021 08:30,3.4,"",16000,""
698,RAPTI AFTER CONFL. OF R. HONIN NR. DOMINGARH RLY BRIDGE GORAKHPUR U.P.,CPCB,9,Uttar Pradesh,148,GORAKHPUR,Gorakhpur,-,-,-,-,-,-,-,-,26.75469200,83.33421100,04-12-2021 08:30,3.4,"",14000,""
699,RIHAND AT RENUKUT D/S U.P.,CPCB,9,Uttar Pradesh,184,SONBHADRA,DUDHI,-,-,-,-,-,-,-,-,24.26121400,83.00935300,27-01-2021 08:30,2.8,"",1300,""
700,RIHAND AT RENUKUT D/S U.P.,CPCB,9,Uttar Pradesh,184,SONBHADRA,DUDHI,-,-,-,-,-,-,-,-,24.26121400,83.00935300,25-02-2021 08:30,2.5,"",1700,""
701,RIHAND AT RENUKUT D/S U.P.,CPCB,9,Uttar Pradesh,184,SONBHADRA,DUDHI,-,-,-,-,-,-,-,-,24.26121400,83.00935300,26-03-2021 08:30,2.7,"",1300,""
702,RIHAND AT RENUKUT D/S U.P.,CPCB,9,Uttar Pradesh,184,SONBHADRA,DUDHI,-,-,-,-,-,-,-,-,24.26121400,83.00935300,23-04-2021 08:30,2.9,"",1700,""
703,RIHAND AT RENUKUT D/S U.P.,CPCB,9,Uttar Pradesh,184,SONBHADRA,DUDHI,-,-,-,-,-,-,-,-,24.26121400,83.00935300,17-05-2021 08:30,3.1,"",1700,""
704,RIHAND AT RENUKUT D/S U.P.,CPCB,9,Uttar Pradesh,184,SONBHADRA,DUDHI,-,-,-,-,-,-,-,-,24.26121400,83.00935300,14-06-2021 08:30,3.2,"",2200,""
705,RIHAND AT RENUKUT D/S U.P.,CPCB,9,Uttar Pradesh,184,SONBHADRA,DUDHI,-,-,-,-,-,-,-,-,24.26121400,83.00935300,13-07-2021 08:30,3.1,"",1700,""
706,RIHAND AT RENUKUT D/S U.P.,CPCB,9,Uttar Pradesh,184,SONBHADRA,DUDHI,-,-,-,-,-,-,-,-,24.26121400,83.00935300,16-08-2021 08:30,3.4,"",1700,""
707,RIHAND AT RENUKUT D/S U.P.,CPCB,9,Uttar Pradesh,184,SONBHADRA,DUDHI,-,-,-,-,-,-,-,-,24.26121400,83.00935300,18-09-2021 08:30,3,"",2200,""
708,RIHAND AT RENUKUT D/S U.P.,CPCB,9,Uttar Pradesh,184,SONBHADRA,DUDHI,-,-,-,-,-,-,-,-,24.26121400,83.00935300,28-10-2021 08:30,2.8,"",1700,""
709,RIHAND AT RENUKUT D/S U.P.,CPCB,9,Uttar Pradesh,184,SONBHADRA,DUDHI,-,-,-,-,-,-,-,-,24.26121400,83.00935300,05-11-2021 08:30,2.5,"",2200,""
710,RIHAND AT RENUKUT D/S U.P.,CPCB,9,Uttar Pradesh,184,SONBHADRA,DUDHI,-,-,-,-,-,-,-,-,24.26121400,83.00935300,13-12-2021 08:30,2.3,"",1300,""
711,RIHAND AT RENUKUT U/S U.P.,CPCB,9,Uttar Pradesh,184,SONBHADRA,ROBERTSGANJ,-,-,-,-,-,-,-,-,24.33981400,83.00358900,27-01-2021 08:30,1.6,"",200,""
712,RIHAND AT RENUKUT U/S U.P.,CPCB,9,Uttar Pradesh,184,SONBHADRA,ROBERTSGANJ,-,-,-,-,-,-,-,-,24.33981400,83.00358900,25-02-2021 08:30,1.8,"",400,""
713,RIHAND AT RENUKUT U/S U.P.,CPCB,9,Uttar Pradesh,184,SONBHADRA,ROBERTSGANJ,-,-,-,-,-,-,-,-,24.33981400,83.00358900,26-03-2021 08:30,1.8,"",400,""
714,RIHAND AT RENUKUT U/S U.P.,CPCB,9,Uttar Pradesh,184,SONBHADRA,ROBERTSGANJ,-,-,-,-,-,-,-,-,24.33981400,83.00358900,23-04-2021 08:30,1.7,"",500,""
715,RIHAND AT RENUKUT U/S U.P.,CPCB,9,Uttar Pradesh,184,SONBHADRA,ROBERTSGANJ,-,-,-,-,-,-,-,-,24.33981400,83.00358900,17-05-2021 08:30,1.8,"",500,""
716,RIHAND AT RENUKUT U/S U.P.,CPCB,9,Uttar Pradesh,184,SONBHADRA,ROBERTSGANJ,-,-,-,-,-,-,-,-,24.33981400,83.00358900,14-06-2021 08:30,1.6,"",500,""
717,RIHAND AT RENUKUT U/S U.P.,CPCB,9,Uttar Pradesh,184,SONBHADRA,ROBERTSGANJ,-,-,-,-,-,-,-,-,24.33981400,83.00358900,13-07-2021 08:30,3.1,"",500,""
718,RIHAND AT RENUKUT U/S U.P.,CPCB,9,Uttar Pradesh,184,SONBHADRA,ROBERTSGANJ,-,-,-,-,-,-,-,-,24.33981400,83.00358900,16-08-2021 08:30,2.2,"",700,""
719,RIHAND AT RENUKUT U/S U.P.,CPCB,9,Uttar Pradesh,184,SONBHADRA,ROBERTSGANJ,-,-,-,-,-,-,-,-,24.33981400,83.00358900,18-09-2021 08:30,1.8,"",500,""
720,RIHAND AT RENUKUT U/S U.P.,CPCB,9,Uttar Pradesh,184,SONBHADRA,ROBERTSGANJ,-,-,-,-,-,-,-,-,24.33981400,83.00358900,28-10-2021 08:30,1.7,"",500,""
721,RIHAND AT RENUKUT U/S U.P.,CPCB,9,Uttar Pradesh,184,SONBHADRA,ROBERTSGANJ,-,-,-,-,-,-,-,-,24.33981400,83.00358900,05-11-2021 08:30,1.5,"",500,""
722,RIHAND AT RENUKUT U/S U.P.,CPCB,9,Uttar Pradesh,184,SONBHADRA,ROBERTSGANJ,-,-,-,-,-,-,-,-,24.33981400,83.00358900,13-12-2021 08:30,1.7,"",500,""
723,RIHAND RESRVOIR SINGRAULI,CPCB,9,Uttar Pradesh,184,SONBHADRA,DUDHI,-,-,-,-,-,-,-,-,24.03493400,82.81076100,12-01-2021 08:30,1.5,"","",""
724,RIHAND RESRVOIR SINGRAULI,CPCB,9,Uttar Pradesh,184,SONBHADRA,DUDHI,-,-,-,-,-,-,-,-,24.03493400,82.81076100,11-02-2021 08:30,1.6,"","",""
725,RIHAND RESRVOIR SINGRAULI,CPCB,9,Uttar Pradesh,184,SONBHADRA,DUDHI,-,-,-,-,-,-,-,-,24.03493400,82.81076100,04-03-2021 08:30,1.5,"","",""
726,RIHAND RESRVOIR SINGRAULI,CPCB,9,Uttar Pradesh,184,SONBHADRA,DUDHI,-,-,-,-,-,-,-,-,24.03493400,82.81076100,07-04-2021 08:30,1.8,"","",""
727,RIHAND RESRVOIR SINGRAULI,CPCB,9,Uttar Pradesh,184,SONBHADRA,DUDHI,-,-,-,-,-,-,-,-,24.03493400,82.81076100,24-05-2021 08:30,1.7,"","",""
728,RIHAND RESRVOIR SINGRAULI,CPCB,9,Uttar Pradesh,184,SONBHADRA,DUDHI,-,-,-,-,-,-,-,-,24.03493400,82.81076100,30-06-2021 08:30,1.6,"","",""
729,RIHAND RESRVOIR SINGRAULI,CPCB,9,Uttar Pradesh,184,SONBHADRA,DUDHI,-,-,-,-,-,-,-,-,24.03493400,82.81076100,08-07-2021 08:30,1.4,"","",""
730,RIHAND RESRVOIR SINGRAULI,CPCB,9,Uttar Pradesh,184,SONBHADRA,DUDHI,-,-,-,-,-,-,-,-,24.03493400,82.81076100,03-08-2021 08:30,1.5,"","",""
731,RIHAND RESRVOIR SINGRAULI,CPCB,9,Uttar Pradesh,184,SONBHADRA,DUDHI,-,-,-,-,-,-,-,-,24.03493400,82.81076100,10-09-2021 08:30,1.6,"","",""
732,RIHAND RESRVOIR SINGRAULI,CPCB,9,Uttar Pradesh,184,SONBHADRA,DUDHI,-,-,-,-,-,-,-,-,24.03493400,82.81076100,08-10-2021 08:30,1.4,"","",""
733,RIHAND RESRVOIR SINGRAULI,CPCB,9,Uttar Pradesh,184,SONBHADRA,DUDHI,-,-,-,-,-,-,-,-,24.03493400,82.81076100,16-11-2021 08:30,1.7,"","",""
734,RIHAND RESRVOIR SINGRAULI,CPCB,9,Uttar Pradesh,184,SONBHADRA,DUDHI,-,-,-,-,-,-,-,-,24.03493400,82.81076100,13-12-2021 08:30,1.6,"","",""
735,RIVER BEAS D/S NADAUN TOWN AFTER CONFLUENCE OF MAAN KHAD,CPCB,9,Uttar Pradesh,149,HAMIRPUR,HAMIRPUR,-,-,-,-,-,-,-,-,31.77309500,76.31536300,04-01-2021 08:30,"","",2,""
736,RIVER BEAS D/S NADAUN TOWN AFTER CONFLUENCE OF MAAN KHAD,CPCB,9,Uttar Pradesh,149,HAMIRPUR,HAMIRPUR,-,-,-,-,-,-,-,-,31.77309500,76.31536300,02-02-2021 08:30,"","",2,""
737,RIVER BEAS D/S NADAUN TOWN AFTER CONFLUENCE OF MAAN KHAD,CPCB,9,Uttar Pradesh,149,HAMIRPUR,HAMIRPUR,-,-,-,-,-,-,-,-,31.77309500,76.31536300,12-03-2021 08:30,"","",2,""
738,RIVER BEAS D/S NADAUN TOWN AFTER CONFLUENCE OF MAAN KHAD,CPCB,9,Uttar Pradesh,149,HAMIRPUR,HAMIRPUR,-,-,-,-,-,-,-,-,31.77309500,76.31536300,04-04-2021 08:30,"","",2,""
739,RIVER BEAS D/S NADAUN TOWN AFTER CONFLUENCE OF MAAN KHAD,CPCB,9,Uttar Pradesh,149,HAMIRPUR,HAMIRPUR,-,-,-,-,-,-,-,-,31.77309500,76.31536300,19-05-2021 08:30,"","",2,""
740,RIVER BEAS D/S NADAUN TOWN AFTER CONFLUENCE OF MAAN KHAD,CPCB,9,Uttar Pradesh,149,HAMIRPUR,HAMIRPUR,-,-,-,-,-,-,-,-,31.77309500,76.31536300,07-06-2021 08:30,"","",2,""
741,RIVER BEAS D/S NADAUN TOWN AFTER CONFLUENCE OF MAAN KHAD,CPCB,9,Uttar Pradesh,149,HAMIRPUR,HAMIRPUR,-,-,-,-,-,-,-,-,31.77309500,76.31536300,07-07-2021 08:30,"","",2,""
742,RIVER BEAS D/S NADAUN TOWN AFTER CONFLUENCE OF MAAN KHAD,CPCB,9,Uttar Pradesh,149,HAMIRPUR,HAMIRPUR,-,-,-,-,-,-,-,-,31.77309500,76.31536300,05-08-2021 08:30,"","",2,""
743,RIVER BEAS D/S NADAUN TOWN AFTER CONFLUENCE OF MAAN KHAD,CPCB,9,Uttar Pradesh,149,HAMIRPUR,HAMIRPUR,-,-,-,-,-,-,-,-,31.77309500,76.31536300,10-09-2021 08:30,"","",2,""
744,RIVER BEAS D/S NADAUN TOWN AFTER CONFLUENCE OF MAAN KHAD,CPCB,9,Uttar Pradesh,149,HAMIRPUR,HAMIRPUR,-,-,-,-,-,-,-,-,31.77309500,76.31536300,04-10-2021 08:30,"","",2,""
745,RIVER BEAS D/S NADAUN TOWN AFTER CONFLUENCE OF MAAN KHAD,CPCB,9,Uttar Pradesh,149,HAMIRPUR,HAMIRPUR,-,-,-,-,-,-,-,-,31.77309500,76.31536300,08-11-2021 08:30,"","",2,""
746,RIVER BEAS D/S NADAUN TOWN AFTER CONFLUENCE OF MAAN KHAD,CPCB,9,Uttar Pradesh,149,HAMIRPUR,HAMIRPUR,-,-,-,-,-,-,-,-,31.77309500,76.31536300,15-12-2021 08:30,"","",2,""
747,RIVER BEAS D/S SUJANPUR TIHRA,CPCB,9,Uttar Pradesh,149,HAMIRPUR,HAMIRPUR,-,-,-,-,-,-,-,-,31.83893300,76.51000100,04-01-2021 08:30,"","",2,""
748,RIVER BEAS D/S SUJANPUR TIHRA,CPCB,9,Uttar Pradesh,149,HAMIRPUR,HAMIRPUR,-,-,-,-,-,-,-,-,31.83893300,76.51000100,02-02-2021 08:30,"","",2,""
749,RIVER BEAS D/S SUJANPUR TIHRA,CPCB,9,Uttar Pradesh,149,HAMIRPUR,HAMIRPUR,-,-,-,-,-,-,-,-,31.83893300,76.51000100,12-03-2021 08:30,"","",2,""
750,RIVER BEAS D/S SUJANPUR TIHRA,CPCB,9,Uttar Pradesh,149,HAMIRPUR,HAMIRPUR,-,-,-,-,-,-,-,-,31.83893300,76.51000100,05-04-2021 08:30,"","",2,""
751,RIVER BEAS D/S SUJANPUR TIHRA,CPCB,9,Uttar Pradesh,149,HAMIRPUR,HAMIRPUR,-,-,-,-,-,-,-,-,31.83893300,76.51000100,20-05-2021 08:30,"","",2,""
752,RIVER BEAS D/S SUJANPUR TIHRA,CPCB,9,Uttar Pradesh,149,HAMIRPUR,HAMIRPUR,-,-,-,-,-,-,-,-,31.83893300,76.51000100,07-06-2021 08:30,"","",2,""
753,RIVER BEAS D/S SUJANPUR TIHRA,CPCB,9,Uttar Pradesh,149,HAMIRPUR,HAMIRPUR,-,-,-,-,-,-,-,-,31.83893300,76.51000100,07-07-2021 08:30,"","",2,""
754,RIVER BEAS D/S SUJANPUR TIHRA,CPCB,9,Uttar Pradesh,149,HAMIRPUR,HAMIRPUR,-,-,-,-,-,-,-,-,31.83893300,76.51000100,05-08-2021 08:30,"","",2,""
755,RIVER BEAS D/S SUJANPUR TIHRA,CPCB,9,Uttar Pradesh,149,HAMIRPUR,HAMIRPUR,-,-,-,-,-,-,-,-,31.83893300,76.51000100,10-09-2021 08:30,"","",2,""
756,RIVER BEAS D/S SUJANPUR TIHRA,CPCB,9,Uttar Pradesh,149,HAMIRPUR,HAMIRPUR,-,-,-,-,-,-,-,-,31.83893300,76.51000100,04-10-2021 08:30,"","",2,""
757,RIVER BEAS D/S SUJANPUR TIHRA,CPCB,9,Uttar Pradesh,149,HAMIRPUR,HAMIRPUR,-,-,-,-,-,-,-,-,31.83893300,76.51000100,08-11-2021 08:30,"","",2,""
758,RIVER BEAS D/S SUJANPUR TIHRA,CPCB,9,Uttar Pradesh,149,HAMIRPUR,HAMIRPUR,-,-,-,-,-,-,-,-,31.83893300,76.51000100,15-12-2021 08:30,"","",2,""
759,RIVER BEAS U/S NADAUM TOWN,CPCB,9,Uttar Pradesh,149,HAMIRPUR,HAMIRPUR,-,-,-,-,-,-,-,-,31.78377800,76.33953100,04-01-2021 08:30,"","",2,""
760,RIVER BEAS U/S NADAUM TOWN,CPCB,9,Uttar Pradesh,149,HAMIRPUR,HAMIRPUR,-,-,-,-,-,-,-,-,31.78377800,76.33953100,02-02-2021 08:30,"","",2,""
761,RIVER BEAS U/S NADAUM TOWN,CPCB,9,Uttar Pradesh,149,HAMIRPUR,HAMIRPUR,-,-,-,-,-,-,-,-,31.78377800,76.33953100,12-03-2021 08:30,"","",2,""
762,RIVER BEAS U/S NADAUM TOWN,CPCB,9,Uttar Pradesh,149,HAMIRPUR,HAMIRPUR,-,-,-,-,-,-,-,-,31.78377800,76.33953100,04-04-2021 08:30,"","",2,""
763,RIVER BEAS U/S NADAUM TOWN,CPCB,9,Uttar Pradesh,149,HAMIRPUR,HAMIRPUR,-,-,-,-,-,-,-,-,31.78377800,76.33953100,19-05-2021 08:30,"","",2,""
764,RIVER BEAS U/S NADAUM TOWN,CPCB,9,Uttar Pradesh,149,HAMIRPUR,HAMIRPUR,-,-,-,-,-,-,-,-,31.78377800,76.33953100,07-06-2021 08:30,"","",2,""
765,RIVER BEAS U/S NADAUM TOWN,CPCB,9,Uttar Pradesh,149,HAMIRPUR,HAMIRPUR,-,-,-,-,-,-,-,-,31.78377800,76.33953100,07-07-2021 08:30,"","",2,""
766,RIVER BEAS U/S NADAUM TOWN,CPCB,9,Uttar Pradesh,149,HAMIRPUR,HAMIRPUR,-,-,-,-,-,-,-,-,31.78377800,76.33953100,05-08-2021 08:30,"","",2,""
767,RIVER BEAS U/S NADAUM TOWN,CPCB,9,Uttar Pradesh,149,HAMIRPUR,HAMIRPUR,-,-,-,-,-,-,-,-,31.78377800,76.33953100,10-09-2021 08:30,"","",2,""
768,RIVER BEAS U/S NADAUM TOWN,CPCB,9,Uttar Pradesh,149,HAMIRPUR,HAMIRPUR,-,-,-,-,-,-,-,-,31.78377800,76.33953100,04-10-2021 08:30,"","",2,""
769,RIVER BEAS U/S NADAUM TOWN,CPCB,9,Uttar Pradesh,149,HAMIRPUR,HAMIRPUR,-,-,-,-,-,-,-,-,31.78377800,76.33953100,08-11-2021 08:30,"","",2,""
770,RIVER BEAS U/S NADAUM TOWN,CPCB,9,Uttar Pradesh,149,HAMIRPUR,HAMIRPUR,-,-,-,-,-,-,-,-,31.78377800,76.33953100,15-12-2021 08:30,"","",2,""
771,RIVER BEAS U/S SUJANPUR TIHRA,CPCB,9,Uttar Pradesh,149,HAMIRPUR,HAMIRPUR,-,-,-,-,-,-,-,-,31.83414300,76.49441300,04-01-2021 08:30,"","",2,""
772,RIVER BEAS U/S SUJANPUR TIHRA,CPCB,9,Uttar Pradesh,149,HAMIRPUR,HAMIRPUR,-,-,-,-,-,-,-,-,31.83414300,76.49441300,02-02-2021 08:30,"","",2,""
773,RIVER BEAS U/S SUJANPUR TIHRA,CPCB,9,Uttar Pradesh,149,HAMIRPUR,HAMIRPUR,-,-,-,-,-,-,-,-,31.83414300,76.49441300,12-03-2021 08:30,"","",2,""
774,RIVER BEAS U/S SUJANPUR TIHRA,CPCB,9,Uttar Pradesh,149,HAMIRPUR,HAMIRPUR,-,-,-,-,-,-,-,-,31.83414300,76.49441300,05-04-2021 08:30,"","",2,""
775,RIVER BEAS U/S SUJANPUR TIHRA,CPCB,9,Uttar Pradesh,149,HAMIRPUR,HAMIRPUR,-,-,-,-,-,-,-,-,31.83414300,76.49441300,20-05-2021 08:30,"","",2,""
776,RIVER BEAS U/S SUJANPUR TIHRA,CPCB,9,Uttar Pradesh,149,HAMIRPUR,HAMIRPUR,-,-,-,-,-,-,-,-,31.83414300,76.49441300,07-06-2021 08:30,"","",2,""
777,RIVER BEAS U/S SUJANPUR TIHRA,CPCB,9,Uttar Pradesh,149,HAMIRPUR,HAMIRPUR,-,-,-,-,-,-,-,-,31.83414300,76.49441300,07-07-2021 08:30,"","",2,""
778,RIVER BEAS U/S SUJANPUR TIHRA,CPCB,9,Uttar Pradesh,149,HAMIRPUR,HAMIRPUR,-,-,-,-,-,-,-,-,31.83414300,76.49441300,05-08-2021 08:30,"","",2,""
779,RIVER BEAS U/S SUJANPUR TIHRA,CPCB,9,Uttar Pradesh,149,HAMIRPUR,HAMIRPUR,-,-,-,-,-,-,-,-,31.83414300,76.49441300,10-09-2021 08:30,"","",2,""
780,RIVER BEAS U/S SUJANPUR TIHRA,CPCB,9,Uttar Pradesh,149,HAMIRPUR,HAMIRPUR,-,-,-,-,-,-,-,-,31.83414300,76.49441300,08-11-2021 08:30,"","",2,""
781,RIVER BEAS U/S SUJANPUR TIHRA,CPCB,9,Uttar Pradesh,149,HAMIRPUR,HAMIRPUR,-,-,-,-,-,-,-,-,31.83414300,76.49441300,15-12-2021 08:30,"","",2,""
782,RIVER BETWA AT U/S AT MAHUTA GHAT AGASOD,CPCB,9,Uttar Pradesh,153,JHANSI,GURSARAI,-,-,-,-,-,-,-,-,25.76747200,79.33130900,02-01-2021 08:30,1.1,"","",""
783,RIVER BETWA AT U/S AT MAHUTA GHAT AGASOD,CPCB,9,Uttar Pradesh,153,JHANSI,GURSARAI,-,-,-,-,-,-,-,-,25.76747200,79.33130900,01-02-2021 08:30,"","","",""
784,RIVER BETWA AT U/S AT MAHUTA GHAT AGASOD,CPCB,9,Uttar Pradesh,153,JHANSI,GURSARAI,-,-,-,-,-,-,-,-,25.76747200,79.33130900,02-03-2021 08:30,1.1,"","",""
785,RIVER BETWA AT U/S AT MAHUTA GHAT AGASOD,CPCB,9,Uttar Pradesh,153,JHANSI,GURSARAI,-,-,-,-,-,-,-,-,25.76747200,79.33130900,16-04-2021 08:30,1.2,"","",""
786,RIVER BETWA AT U/S AT MAHUTA GHAT AGASOD,CPCB,9,Uttar Pradesh,153,JHANSI,GURSARAI,-,-,-,-,-,-,-,-,25.76747200,79.33130900,19-05-2021 08:30,1.1,"","",""
787,RIVER BETWA AT U/S AT MAHUTA GHAT AGASOD,CPCB,9,Uttar Pradesh,153,JHANSI,GURSARAI,-,-,-,-,-,-,-,-,25.76747200,79.33130900,08-06-2021 08:30,1.1,"","",""
788,RIVER BETWA AT U/S AT MAHUTA GHAT AGASOD,CPCB,9,Uttar Pradesh,153,JHANSI,GURSARAI,-,-,-,-,-,-,-,-,25.76747200,79.33130900,04-10-2021 08:30,1.1,"","",""
789,RIVER BETWA AT U/S AT MAHUTA GHAT AGASOD,CPCB,9,Uttar Pradesh,153,JHANSI,GURSARAI,-,-,-,-,-,-,-,-,25.76747200,79.33130900,11-11-2021 08:30,1.1,"","",""
790,RIVER BETWA AT U/S AT MAHUTA GHAT AGASOD,CPCB,9,Uttar Pradesh,153,JHANSI,GURSARAI,-,-,-,-,-,-,-,-,25.76747200,79.33130900,16-12-2021 08:30,1.1,"","",""
791,RIVER GANGA A/C GOMTI RIVER BHUSAULA,CPCB,9,Uttar Pradesh,179,SANT RAVIDAS NAGAR,GYANPUR,-,-,-,-,-,-,-,-,25.34510200,82.47982700,02-01-2021 08:30,2.8,"",5000,""
792,RIVER GANGA A/C GOMTI RIVER BHUSAULA,CPCB,9,Uttar Pradesh,179,SANT RAVIDAS NAGAR,GYANPUR,-,-,-,-,-,-,-,-,25.34510200,82.47982700,16-01-2021 08:30,3.2,"",7000,""
793,RIVER GANGA A/C GOMTI RIVER BHUSAULA,CPCB,9,Uttar Pradesh,179,SANT RAVIDAS NAGAR,GYANPUR,-,-,-,-,-,-,-,-,25.34510200,82.47982700,02-02-2021 08:30,2.5,"",7000,""
794,RIVER GANGA A/C GOMTI RIVER BHUSAULA,CPCB,9,Uttar Pradesh,179,SANT RAVIDAS NAGAR,GYANPUR,-,-,-,-,-,-,-,-,25.34510200,82.47982700,18-02-2021 08:30,2.9,"",8000,""
795,RIVER GANGA A/C GOMTI RIVER BHUSAULA,CPCB,9,Uttar Pradesh,179,SANT RAVIDAS NAGAR,GYANPUR,-,-,-,-,-,-,-,-,25.34510200,82.47982700,01-03-2021 08:30,3.2,"",9000,""
796,RIVER GANGA A/C GOMTI RIVER BHUSAULA,CPCB,9,Uttar Pradesh,179,SANT RAVIDAS NAGAR,GYANPUR,-,-,-,-,-,-,-,-,25.34510200,82.47982700,18-03-2021 08:30,3,"",5000,""
797,RIVER GANGA A/C GOMTI RIVER BHUSAULA,CPCB,9,Uttar Pradesh,179,SANT RAVIDAS NAGAR,GYANPUR,-,-,-,-,-,-,-,-,25.34510200,82.47982700,01-04-2021 08:30,3.2,"",5000,""
798,RIVER GANGA A/C GOMTI RIVER BHUSAULA,CPCB,9,Uttar Pradesh,179,SANT RAVIDAS NAGAR,GYANPUR,-,-,-,-,-,-,-,-,25.34510200,82.47982700,19-04-2021 08:30,3.1,"",4000,""
799,RIVER GANGA A/C GOMTI RIVER BHUSAULA,CPCB,9,Uttar Pradesh,179,SANT RAVIDAS NAGAR,GYANPUR,-,-,-,-,-,-,-,-,25.34510200,82.47982700,01-05-2021 08:30,3.2,"",7000,""
800,RIVER GANGA A/C GOMTI RIVER BHUSAULA,CPCB,9,Uttar Pradesh,179,SANT RAVIDAS NAGAR,GYANPUR,-,-,-,-,-,-,-,-,25.34510200,82.47982700,19-05-2021 08:30,3.3,"",5000,""
801,RIVER GANGA A/C GOMTI RIVER BHUSAULA,CPCB,9,Uttar Pradesh,179,SANT RAVIDAS NAGAR,GYANPUR,-,-,-,-,-,-,-,-,25.34510200,82.47982700,01-06-2021 08:30,3.4,"",8000,""
802,RIVER GANGA A/C GOMTI RIVER BHUSAULA,CPCB,9,Uttar Pradesh,179,SANT RAVIDAS NAGAR,GYANPUR,-,-,-,-,-,-,-,-,25.34510200,82.47982700,18-06-2021 08:30,3.5,"",7000,""
803,RIVER GANGA A/C GOMTI RIVER BHUSAULA,CPCB,9,Uttar Pradesh,179,SANT RAVIDAS NAGAR,GYANPUR,-,-,-,-,-,-,-,-,25.34510200,82.47982700,01-07-2021 08:30,3.3,"",8000,""
804,RIVER GANGA A/C GOMTI RIVER BHUSAULA,CPCB,9,Uttar Pradesh,179,SANT RAVIDAS NAGAR,GYANPUR,-,-,-,-,-,-,-,-,25.34510200,82.47982700,15-07-2021 08:30,3,"",11000,""
805,RIVER GANGA A/C GOMTI RIVER BHUSAULA,CPCB,9,Uttar Pradesh,179,SANT RAVIDAS NAGAR,GYANPUR,-,-,-,-,-,-,-,-,25.34510200,82.47982700,01-08-2021 08:30,3.5,"",8000,""
806,RIVER GANGA A/C GOMTI RIVER BHUSAULA,CPCB,9,Uttar Pradesh,179,SANT RAVIDAS NAGAR,GYANPUR,-,-,-,-,-,-,-,-,25.34510200,82.47982700,18-08-2021 08:30,3.3,"",5000,""
807,RIVER GANGA A/C GOMTI RIVER BHUSAULA,CPCB,9,Uttar Pradesh,179,SANT RAVIDAS NAGAR,GYANPUR,-,-,-,-,-,-,-,-,25.34510200,82.47982700,01-09-2021 08:30,3.3,"",8000,""
808,RIVER GANGA A/C GOMTI RIVER BHUSAULA,CPCB,9,Uttar Pradesh,179,SANT RAVIDAS NAGAR,GYANPUR,-,-,-,-,-,-,-,-,25.34510200,82.47982700,15-09-2021 08:30,3.4,"",6800,""
809,RIVER GANGA A/C GOMTI RIVER BHUSAULA,CPCB,9,Uttar Pradesh,179,SANT RAVIDAS NAGAR,GYANPUR,-,-,-,-,-,-,-,-,25.34510200,82.47982700,04-10-2021 08:30,3.2,"",7000,""
810,RIVER GANGA A/C GOMTI RIVER BHUSAULA,CPCB,9,Uttar Pradesh,179,SANT RAVIDAS NAGAR,GYANPUR,-,-,-,-,-,-,-,-,25.34510200,82.47982700,18-10-2021 08:30,3,"",8000,""
811,RIVER GANGA A/C GOMTI RIVER BHUSAULA,CPCB,9,Uttar Pradesh,179,SANT RAVIDAS NAGAR,GYANPUR,-,-,-,-,-,-,-,-,25.34510200,82.47982700,10-11-2021 08:30,"","",6800,""
812,RIVER GANGA A/C GOMTI RIVER BHUSAULA,CPCB,9,Uttar Pradesh,179,SANT RAVIDAS NAGAR,GYANPUR,-,-,-,-,-,-,-,-,25.34510200,82.47982700,24-11-2021 08:30,4.1,"",7000,""
813,RIVER GANGA A/C GOMTI RIVER BHUSAULA,CPCB,9,Uttar Pradesh,179,SANT RAVIDAS NAGAR,GYANPUR,-,-,-,-,-,-,-,-,25.34510200,82.47982700,01-12-2021 08:30,3,"",7000,""
814,RIVER GANGA A/C GOMTI RIVER BHUSAULA,CPCB,9,Uttar Pradesh,179,SANT RAVIDAS NAGAR,GYANPUR,-,-,-,-,-,-,-,-,25.34510200,82.47982700,18-12-2021 08:30,2.7,"",8000,""
815,RIVER GANGA A/C TAMSA RIVER SIRSA SON BARSA,CPCB,9,Uttar Pradesh,120,Allahabad,Allahabad,-,-,-,-,-,-,-,-,25.25936300,82.09647800,04-01-2021 08:30,2.2,"",1100,""
816,RIVER GANGA A/C TAMSA RIVER SIRSA SON BARSA,CPCB,9,Uttar Pradesh,120,Allahabad,Allahabad,-,-,-,-,-,-,-,-,25.25936300,82.09647800,21-01-2021 08:30,2.4,"",910,""
817,RIVER GANGA A/C TAMSA RIVER SIRSA SON BARSA,CPCB,9,Uttar Pradesh,120,Allahabad,Allahabad,-,-,-,-,-,-,-,-,25.25936300,82.09647800,18-02-2021 08:30,2.5,"",810,""
818,RIVER GANGA A/C TAMSA RIVER SIRSA SON BARSA,CPCB,9,Uttar Pradesh,120,Allahabad,Allahabad,-,-,-,-,-,-,-,-,25.25936300,82.09647800,28-02-2021 08:30,2.5,"",780,""
819,RIVER GANGA A/C TAMSA RIVER SIRSA SON BARSA,CPCB,9,Uttar Pradesh,120,Allahabad,Allahabad,-,-,-,-,-,-,-,-,25.25936300,82.09647800,07-03-2021 08:30,2.7,"",830,""
820,RIVER GANGA A/C TAMSA RIVER SIRSA SON BARSA,CPCB,9,Uttar Pradesh,120,Allahabad,Allahabad,-,-,-,-,-,-,-,-,25.25936300,82.09647800,21-03-2021 08:30,2.4,"",910,""
821,RIVER GANGA A/C TAMSA RIVER SIRSA SON BARSA,CPCB,9,Uttar Pradesh,120,Allahabad,Allahabad,-,-,-,-,-,-,-,-,25.25936300,82.09647800,08-04-2021 08:30,2.6,"",680,""
822,RIVER GANGA A/C TAMSA RIVER SIRSA SON BARSA,CPCB,9,Uttar Pradesh,120,Allahabad,Allahabad,-,-,-,-,-,-,-,-,25.25936300,82.09647800,26-04-2021 08:30,2.8,"",790,""
823,RIVER GANGA A/C TAMSA RIVER SIRSA SON BARSA,CPCB,9,Uttar Pradesh,120,Allahabad,Allahabad,-,-,-,-,-,-,-,-,25.25936300,82.09647800,10-05-2021 08:30,2.6,"",810,""
824,RIVER GANGA A/C TAMSA RIVER SIRSA SON BARSA,CPCB,9,Uttar Pradesh,120,Allahabad,Allahabad,-,-,-,-,-,-,-,-,25.25936300,82.09647800,30-05-2021 08:30,2.5,"",790,""
825,RIVER GANGA A/C TAMSA RIVER SIRSA SON BARSA,CPCB,9,Uttar Pradesh,120,Allahabad,Allahabad,-,-,-,-,-,-,-,-,25.25936300,82.09647800,13-06-2021 08:30,2.7,"",820,""
826,RIVER GANGA A/C TAMSA RIVER SIRSA SON BARSA,CPCB,9,Uttar Pradesh,120,Allahabad,Allahabad,-,-,-,-,-,-,-,-,25.25936300,82.09647800,27-06-2021 08:30,2.8,"",830,""
827,RIVER GANGA A/C TAMSA RIVER SIRSA SON BARSA,CPCB,9,Uttar Pradesh,120,Allahabad,Allahabad,-,-,-,-,-,-,-,-,25.25936300,82.09647800,15-07-2021 08:30,2.7,"",680,""
828,RIVER GANGA A/C TAMSA RIVER SIRSA SON BARSA,CPCB,9,Uttar Pradesh,120,Allahabad,Allahabad,-,-,-,-,-,-,-,-,25.25936300,82.09647800,29-07-2021 08:30,2.6,"",630,""
829,RIVER GANGA A/C TAMSA RIVER SIRSA SON BARSA,CPCB,9,Uttar Pradesh,120,Allahabad,Allahabad,-,-,-,-,-,-,-,-,25.25936300,82.09647800,15-08-2021 08:30,2.7,"",700,""
830,RIVER GANGA A/C TAMSA RIVER SIRSA SON BARSA,CPCB,9,Uttar Pradesh,120,Allahabad,Allahabad,-,-,-,-,-,-,-,-,25.25936300,82.09647800,30-08-2021 08:30,2.7,"",680,""
831,RIVER GANGA A/C TAMSA RIVER SIRSA SON BARSA,CPCB,9,Uttar Pradesh,120,Allahabad,Allahabad,-,-,-,-,-,-,-,-,25.25936300,82.09647800,13-09-2021 08:30,2.6,"",680,""
832,RIVER GANGA A/C TAMSA RIVER SIRSA SON BARSA,CPCB,9,Uttar Pradesh,120,Allahabad,Allahabad,-,-,-,-,-,-,-,-,25.25936300,82.09647800,30-09-2021 08:30,2.8,"",920,""
833,RIVER GANGA A/C TAMSA RIVER SIRSA SON BARSA,CPCB,9,Uttar Pradesh,120,Allahabad,Allahabad,-,-,-,-,-,-,-,-,25.25936300,82.09647800,14-10-2021 08:30,2.7,"",780,""
834,RIVER GANGA A/C TAMSA RIVER SIRSA SON BARSA,CPCB,9,Uttar Pradesh,120,Allahabad,Allahabad,-,-,-,-,-,-,-,-,25.25936300,82.09647800,31-10-2021 08:30,2.6,"",930,""
835,RIVER GANGA A/C TAMSA RIVER SIRSA SON BARSA,CPCB,9,Uttar Pradesh,120,Allahabad,Allahabad,-,-,-,-,-,-,-,-,25.25936300,82.09647800,18-11-2021 08:30,2.7,"",700,""
836,RIVER GANGA A/C TAMSA RIVER SIRSA SON BARSA,CPCB,9,Uttar Pradesh,120,Allahabad,Allahabad,-,-,-,-,-,-,-,-,25.25936300,82.09647800,28-11-2021 08:30,2.7,"",780,""
837,RIVER GANGA A/C TAMSA RIVER SIRSA SON BARSA,CPCB,9,Uttar Pradesh,120,Allahabad,Allahabad,-,-,-,-,-,-,-,-,25.25936300,82.09647800,12-12-2021 08:30,2.8,"",680,""
838,RIVER GANGA A/C TAMSA RIVER SIRSA SON BARSA,CPCB,9,Uttar Pradesh,120,Allahabad,Allahabad,-,-,-,-,-,-,-,-,25.25936300,82.09647800,30-12-2021 08:30,2.7,"","",""
839,RIVER GANGA AT BATHING GHAT (BHARAOGHAT),CPCB,9,Uttar Pradesh,146,GHAZIPUR,ZAMANIA,-,-,-,-,-,-,-,-,25.51411000,83.85067800,05-01-2021 08:30,3.2,"",2100,""
840,RIVER GANGA AT BATHING GHAT (BHARAOGHAT),CPCB,9,Uttar Pradesh,146,GHAZIPUR,ZAMANIA,-,-,-,-,-,-,-,-,25.51411000,83.85067800,02-02-2021 08:30,3.2,"",2100,""
841,RIVER GANGA AT BATHING GHAT (BHARAOGHAT),CPCB,9,Uttar Pradesh,146,GHAZIPUR,ZAMANIA,-,-,-,-,-,-,-,-,25.51411000,83.85067800,06-04-2021 08:30,3.2,"",2100,""
842,RIVER GANGA AT BATHING GHAT (BHARAOGHAT),CPCB,9,Uttar Pradesh,146,GHAZIPUR,ZAMANIA,-,-,-,-,-,-,-,-,25.51411000,83.85067800,27-04-2021 08:30,3.2,"",1700,""
843,RIVER GANGA AT BATHING GHAT (BHARAOGHAT),CPCB,9,Uttar Pradesh,146,GHAZIPUR,ZAMANIA,-,-,-,-,-,-,-,-,25.51411000,83.85067800,11-05-2021 08:30,3.3,"",1600,""
844,RIVER GANGA AT BATHING GHAT (BHARAOGHAT),CPCB,9,Uttar Pradesh,146,GHAZIPUR,ZAMANIA,-,-,-,-,-,-,-,-,25.51411000,83.85067800,25-05-2021 08:30,3.2,"",1700,""
845,RIVER GANGA AT BATHING GHAT (BHARAOGHAT),CPCB,9,Uttar Pradesh,146,GHAZIPUR,ZAMANIA,-,-,-,-,-,-,-,-,25.51411000,83.85067800,08-06-2021 08:30,3.2,"",1800,""
846,RIVER GANGA AT BATHING GHAT (BHARAOGHAT),CPCB,9,Uttar Pradesh,146,GHAZIPUR,ZAMANIA,-,-,-,-,-,-,-,-,25.51411000,83.85067800,06-07-2021 08:30,3.4,"",1500,""
847,RIVER GANGA AT BATHING GHAT (BHARAOGHAT),CPCB,9,Uttar Pradesh,146,GHAZIPUR,ZAMANIA,-,-,-,-,-,-,-,-,25.51411000,83.85067800,23-07-2021 08:30,3.3,"",2200,""
848,RIVER GANGA AT BATHING GHAT (BHARAOGHAT),CPCB,9,Uttar Pradesh,146,GHAZIPUR,ZAMANIA,-,-,-,-,-,-,-,-,25.51411000,83.85067800,10-08-2021 08:30,3.4,"",2800,""
849,RIVER GANGA AT BATHING GHAT (BHARAOGHAT),CPCB,9,Uttar Pradesh,146,GHAZIPUR,ZAMANIA,-,-,-,-,-,-,-,-,25.51411000,83.85067800,21-09-2021 08:30,"","",2100,""
850,RIVER GANGA AT BATHING GHAT (BHARAOGHAT),CPCB,9,Uttar Pradesh,146,GHAZIPUR,ZAMANIA,-,-,-,-,-,-,-,-,25.51411000,83.85067800,22-10-2021 08:30,"","",2100,""
851,RIVER GANGA AT BATHING GHAT (BHARAOGHAT),CPCB,9,Uttar Pradesh,146,GHAZIPUR,ZAMANIA,-,-,-,-,-,-,-,-,25.51411000,83.85067800,10-11-2021 08:30,"","",1700,""
852,RIVER GANGA AT BATHING GHAT (BHARAOGHAT),CPCB,9,Uttar Pradesh,146,GHAZIPUR,ZAMANIA,-,-,-,-,-,-,-,-,25.51411000,83.85067800,24-11-2021 08:30,3.5,"",2400,""
853,RIVER GANGA AT BATHING GHAT (BHARAOGHAT),CPCB,9,Uttar Pradesh,146,GHAZIPUR,ZAMANIA,-,-,-,-,-,-,-,-,25.51411000,83.85067800,09-12-2021 08:30,3.3,"",2100,""
854,RIVER GANGA AT BATHING GHAT (BHARAOGHAT),CPCB,9,Uttar Pradesh,146,GHAZIPUR,ZAMANIA,-,-,-,-,-,-,-,-,25.51411000,83.85067800,25-12-2021 08:30,3.2,"",2400,""
855,RIVER GANGA AT BATHING GHAT (GOLA GHAT),CPCB,9,Uttar Pradesh,146,GHAZIPUR,GHAZIPUR,-,-,-,-,-,-,-,-,25.58012800,83.58978700,05-01-2021 08:30,3.5,"",13000,""
856,RIVER GANGA AT BATHING GHAT (GOLA GHAT),CPCB,9,Uttar Pradesh,146,GHAZIPUR,GHAZIPUR,-,-,-,-,-,-,-,-,25.58012800,83.58978700,22-01-2021 08:30,3.6,"",11000,""
857,RIVER GANGA AT BATHING GHAT (GOLA GHAT),CPCB,9,Uttar Pradesh,146,GHAZIPUR,GHAZIPUR,-,-,-,-,-,-,-,-,25.58012800,83.58978700,02-02-2021 08:30,3.5,"",10000,""
858,RIVER GANGA AT BATHING GHAT (GOLA GHAT),CPCB,9,Uttar Pradesh,146,GHAZIPUR,GHAZIPUR,-,-,-,-,-,-,-,-,25.58012800,83.58978700,27-04-2021 08:30,3.4,"",3500,""
859,RIVER GANGA AT BATHING GHAT (GOLA GHAT),CPCB,9,Uttar Pradesh,146,GHAZIPUR,GHAZIPUR,-,-,-,-,-,-,-,-,25.58012800,83.58978700,06-05-2021 08:30,3.8,"",3500,""
860,RIVER GANGA AT BATHING GHAT (GOLA GHAT),CPCB,9,Uttar Pradesh,146,GHAZIPUR,GHAZIPUR,-,-,-,-,-,-,-,-,25.58012800,83.58978700,11-05-2021 08:30,3.6,"",4100,""
861,RIVER GANGA AT BATHING GHAT (GOLA GHAT),CPCB,9,Uttar Pradesh,146,GHAZIPUR,GHAZIPUR,-,-,-,-,-,-,-,-,25.58012800,83.58978700,08-06-2021 08:30,3.5,"",4100,""
862,RIVER GANGA AT BATHING GHAT (GOLA GHAT),CPCB,9,Uttar Pradesh,146,GHAZIPUR,GHAZIPUR,-,-,-,-,-,-,-,-,25.58012800,83.58978700,06-07-2021 08:30,3.9,"",2800,""
863,RIVER GANGA AT BATHING GHAT (GOLA GHAT),CPCB,9,Uttar Pradesh,146,GHAZIPUR,GHAZIPUR,-,-,-,-,-,-,-,-,25.58012800,83.58978700,23-07-2021 08:30,3.6,"",3400,""
864,RIVER GANGA AT BATHING GHAT (GOLA GHAT),CPCB,9,Uttar Pradesh,146,GHAZIPUR,GHAZIPUR,-,-,-,-,-,-,-,-,25.58012800,83.58978700,10-08-2021 08:30,3.7,"",3100,""
865,RIVER GANGA AT BATHING GHAT (GOLA GHAT),CPCB,9,Uttar Pradesh,146,GHAZIPUR,GHAZIPUR,-,-,-,-,-,-,-,-,25.58012800,83.58978700,21-09-2021 08:30,"","",3800,""
866,RIVER GANGA AT BATHING GHAT (GOLA GHAT),CPCB,9,Uttar Pradesh,146,GHAZIPUR,GHAZIPUR,-,-,-,-,-,-,-,-,25.58012800,83.58978700,22-10-2021 08:30,"","",3600,""
867,RIVER GANGA AT BATHING GHAT (GOLA GHAT),CPCB,9,Uttar Pradesh,146,GHAZIPUR,GHAZIPUR,-,-,-,-,-,-,-,-,25.58012800,83.58978700,10-11-2021 08:30,"","",3300,""
868,RIVER GANGA AT BATHING GHAT (GOLA GHAT),CPCB,9,Uttar Pradesh,146,GHAZIPUR,GHAZIPUR,-,-,-,-,-,-,-,-,25.58012800,83.58978700,24-11-2021 08:30,4,"",3400,""
869,RIVER GANGA AT BATHING GHAT (GOLA GHAT),CPCB,9,Uttar Pradesh,146,GHAZIPUR,GHAZIPUR,-,-,-,-,-,-,-,-,25.58012800,83.58978700,09-12-2021 08:30,4.1,"",2700,""
870,RIVER GANGA AT BATHING GHAT (GOLA GHAT),CPCB,9,Uttar Pradesh,146,GHAZIPUR,GHAZIPUR,-,-,-,-,-,-,-,-,25.58012800,83.58978700,25-12-2021 08:30,4.2,"",2100,""
871,RIVER GANGA AT BATHING GHAT (JAJMAU BRIDGE),CPCB,9,Uttar Pradesh,157,KANPUR NAGAR,Kanpur Nagar,-,-,-,-,-,-,-,-,26.43432200,80.40858700,05-01-2021 08:30,3.8,"",23000,""
872,RIVER GANGA AT BATHING GHAT (JAJMAU BRIDGE),CPCB,9,Uttar Pradesh,157,KANPUR NAGAR,Kanpur Nagar,-,-,-,-,-,-,-,-,26.43432200,80.40858700,22-01-2021 08:30,3.9,"",17000,""
873,RIVER GANGA AT BATHING GHAT (JAJMAU BRIDGE),CPCB,9,Uttar Pradesh,157,KANPUR NAGAR,Kanpur Nagar,-,-,-,-,-,-,-,-,26.43432200,80.40858700,02-02-2021 08:30,3.8,"",14000,""
874,RIVER GANGA AT BATHING GHAT (JAJMAU BRIDGE),CPCB,9,Uttar Pradesh,157,KANPUR NAGAR,Kanpur Nagar,-,-,-,-,-,-,-,-,26.43432200,80.40858700,06-04-2021 08:30,3.9,"",10000,""
875,RIVER GANGA AT BATHING GHAT (JAJMAU BRIDGE),CPCB,9,Uttar Pradesh,157,KANPUR NAGAR,Kanpur Nagar,-,-,-,-,-,-,-,-,26.43432200,80.40858700,27-04-2021 08:30,3.9,"",14000,""
876,RIVER GANGA AT BATHING GHAT (JAJMAU BRIDGE),CPCB,9,Uttar Pradesh,157,KANPUR NAGAR,Kanpur Nagar,-,-,-,-,-,-,-,-,26.43432200,80.40858700,11-05-2021 08:30,3.8,"",7000,""
877,RIVER GANGA AT BATHING GHAT (JAJMAU BRIDGE),CPCB,9,Uttar Pradesh,157,KANPUR NAGAR,Kanpur Nagar,-,-,-,-,-,-,-,-,26.43432200,80.40858700,25-05-2021 08:30,3.9,"",6800,""
878,RIVER GANGA AT BATHING GHAT (JAJMAU BRIDGE),CPCB,9,Uttar Pradesh,157,KANPUR NAGAR,Kanpur Nagar,-,-,-,-,-,-,-,-,26.43432200,80.40858700,08-06-2021 08:30,3.9,"",4900,""
879,RIVER GANGA AT BATHING GHAT (JAJMAU BRIDGE),CPCB,9,Uttar Pradesh,157,KANPUR NAGAR,Kanpur Nagar,-,-,-,-,-,-,-,-,26.43432200,80.40858700,06-07-2021 08:30,4.2,"",7000,""
880,RIVER GANGA AT BATHING GHAT (JAJMAU BRIDGE),CPCB,9,Uttar Pradesh,157,KANPUR NAGAR,Kanpur Nagar,-,-,-,-,-,-,-,-,26.43432200,80.40858700,23-07-2021 08:30,4,"",6300,""
881,RIVER GANGA AT BATHING GHAT (JAJMAU BRIDGE),CPCB,9,Uttar Pradesh,157,KANPUR NAGAR,Kanpur Nagar,-,-,-,-,-,-,-,-,26.43432200,80.40858700,10-08-2021 08:30,4,"",4900,""
882,RIVER GANGA AT BATHING GHAT (JAJMAU BRIDGE),CPCB,9,Uttar Pradesh,157,KANPUR NAGAR,Kanpur Nagar,-,-,-,-,-,-,-,-,26.43432200,80.40858700,21-09-2021 08:30,"","",4700,""
883,RIVER GANGA AT BATHING GHAT (JAJMAU BRIDGE),CPCB,9,Uttar Pradesh,157,KANPUR NAGAR,Kanpur Nagar,-,-,-,-,-,-,-,-,26.43432200,80.40858700,22-10-2021 08:30,"","",6300,""
884,RIVER GANGA AT BATHING GHAT (JAJMAU BRIDGE),CPCB,9,Uttar Pradesh,157,KANPUR NAGAR,Kanpur Nagar,-,-,-,-,-,-,-,-,26.43432200,80.40858700,10-11-2021 08:30,"","",6800,""
885,RIVER GANGA AT BATHING GHAT (JAJMAU BRIDGE),CPCB,9,Uttar Pradesh,157,KANPUR NAGAR,Kanpur Nagar,-,-,-,-,-,-,-,-,26.43432200,80.40858700,09-12-2021 08:30,4.2,"",4000,""
886,RIVER GANGA AT BATHING GHAT (JAJMAU BRIDGE),CPCB,9,Uttar Pradesh,157,KANPUR NAGAR,Kanpur Nagar,-,-,-,-,-,-,-,-,26.43432200,80.40858700,25-12-2021 08:30,4.4,"",3500,""
887,RIVER GANGA AT CHUNAR,CPCB,9,Uttar Pradesh,170,MIRZAPUR,Chunar,-,-,-,-,-,-,-,-,25.12927800,82.87727800,04-01-2021 08:30,3.4,"",8000,""
888,RIVER GANGA AT CHUNAR,CPCB,9,Uttar Pradesh,170,MIRZAPUR,Chunar,-,-,-,-,-,-,-,-,25.12927800,82.87727800,01-02-2021 08:30,2.8,"",8000,""
889,RIVER GANGA AT CHUNAR,CPCB,9,Uttar Pradesh,170,MIRZAPUR,Chunar,-,-,-,-,-,-,-,-,25.12927800,82.87727800,15-02-2021 08:30,2.3,"",4000,""
890,RIVER GANGA AT CHUNAR,CPCB,9,Uttar Pradesh,170,MIRZAPUR,Chunar,-,-,-,-,-,-,-,-,25.12927800,82.87727800,01-03-2021 08:30,3.2,"",7000,""
891,RIVER GANGA AT CHUNAR,CPCB,9,Uttar Pradesh,170,MIRZAPUR,Chunar,-,-,-,-,-,-,-,-,25.12927800,82.87727800,15-03-2021 08:30,3.3,"",8000,""
892,RIVER GANGA AT CHUNAR,CPCB,9,Uttar Pradesh,170,MIRZAPUR,Chunar,-,-,-,-,-,-,-,-,25.12927800,82.87727800,03-04-2021 08:30,3.2,"",8000,""
893,RIVER GANGA AT CHUNAR,CPCB,9,Uttar Pradesh,170,MIRZAPUR,Chunar,-,-,-,-,-,-,-,-,25.12927800,82.87727800,17-04-2021 08:30,3,"",5000,""
894,RIVER GANGA AT CHUNAR,CPCB,9,Uttar Pradesh,170,MIRZAPUR,Chunar,-,-,-,-,-,-,-,-,25.12927800,82.87727800,18-05-2021 08:30,3.2,"",8000,""
895,RIVER GANGA AT CHUNAR,CPCB,9,Uttar Pradesh,170,MIRZAPUR,Chunar,-,-,-,-,-,-,-,-,25.12927800,82.87727800,25-05-2021 08:30,3.2,"",7000,""
896,RIVER GANGA AT CHUNAR,CPCB,9,Uttar Pradesh,170,MIRZAPUR,Chunar,-,-,-,-,-,-,-,-,25.12927800,82.87727800,02-06-2021 08:30,3.3,"",11000,""
897,RIVER GANGA AT CHUNAR,CPCB,9,Uttar Pradesh,170,MIRZAPUR,Chunar,-,-,-,-,-,-,-,-,25.12927800,82.87727800,16-06-2021 08:30,3.2,"",8000,""
898,RIVER GANGA AT CHUNAR,CPCB,9,Uttar Pradesh,170,MIRZAPUR,Chunar,-,-,-,-,-,-,-,-,25.12927800,82.87727800,12-07-2021 08:30,3.3,"",7000,""
899,RIVER GANGA AT CHUNAR,CPCB,9,Uttar Pradesh,170,MIRZAPUR,Chunar,-,-,-,-,-,-,-,-,25.12927800,82.87727800,26-07-2021 08:30,3.1,"",5000,""
900,RIVER GANGA AT CHUNAR,CPCB,9,Uttar Pradesh,170,MIRZAPUR,Chunar,-,-,-,-,-,-,-,-,25.12927800,82.87727800,02-08-2021 08:30,3.4,"",8000,""
901,RIVER GANGA AT CHUNAR,CPCB,9,Uttar Pradesh,170,MIRZAPUR,Chunar,-,-,-,-,-,-,-,-,25.12927800,82.87727800,17-08-2021 08:30,3.5,"",7000,""
902,RIVER GANGA AT CHUNAR,CPCB,9,Uttar Pradesh,170,MIRZAPUR,Chunar,-,-,-,-,-,-,-,-,25.12927800,82.87727800,06-09-2021 08:30,3.2,"",7000,""
903,RIVER GANGA AT CHUNAR,CPCB,9,Uttar Pradesh,170,MIRZAPUR,Chunar,-,-,-,-,-,-,-,-,25.12927800,82.87727800,28-09-2021 08:30,3,"",9000,""
904,RIVER GANGA AT CHUNAR,CPCB,9,Uttar Pradesh,170,MIRZAPUR,Chunar,-,-,-,-,-,-,-,-,25.12927800,82.87727800,04-10-2021 08:30,2.9,"",7000,""
905,RIVER GANGA AT CHUNAR,CPCB,9,Uttar Pradesh,170,MIRZAPUR,Chunar,-,-,-,-,-,-,-,-,25.12927800,82.87727800,18-10-2021 08:30,3.2,"",8000,""
906,RIVER GANGA AT CHUNAR,CPCB,9,Uttar Pradesh,170,MIRZAPUR,Chunar,-,-,-,-,-,-,-,-,25.12927800,82.87727800,08-11-2021 08:30,3.2,"",5000,""
907,RIVER GANGA AT CHUNAR,CPCB,9,Uttar Pradesh,170,MIRZAPUR,Chunar,-,-,-,-,-,-,-,-,25.12927800,82.87727800,29-11-2021 08:30,3.2,"",7000,""
908,RIVER GANGA AT CHUNAR,CPCB,9,Uttar Pradesh,170,MIRZAPUR,Chunar,-,-,-,-,-,-,-,-,25.12927800,82.87727800,01-12-2021 08:30,3,"",8000,""
909,RIVER GANGA AT CHUNAR,CPCB,9,Uttar Pradesh,170,MIRZAPUR,Chunar,-,-,-,-,-,-,-,-,25.12927800,82.87727800,20-12-2021 08:30,2.8,"",7000,""
910,RIVER GANGA AT D/S (SHUKLAGANJ),CPCB,9,Uttar Pradesh,186,UNNAO,PURWA,-,-,-,-,-,-,-,-,26.47419400,80.37613900,05-01-2021 08:30,3.3,"",3100,""
911,RIVER GANGA AT D/S (SHUKLAGANJ),CPCB,9,Uttar Pradesh,186,UNNAO,PURWA,-,-,-,-,-,-,-,-,26.47419400,80.37613900,22-01-2021 08:30,3.4,"",2100,""
912,RIVER GANGA AT D/S (SHUKLAGANJ),CPCB,9,Uttar Pradesh,186,UNNAO,PURWA,-,-,-,-,-,-,-,-,26.47419400,80.37613900,02-02-2021 08:30,3.4,"",3100,""
913,RIVER GANGA AT D/S (SHUKLAGANJ),CPCB,9,Uttar Pradesh,186,UNNAO,PURWA,-,-,-,-,-,-,-,-,26.47419400,80.37613900,06-04-2021 08:30,3.6,"",2700,""
914,RIVER GANGA AT D/S (SHUKLAGANJ),CPCB,9,Uttar Pradesh,186,UNNAO,PURWA,-,-,-,-,-,-,-,-,26.47419400,80.37613900,27-04-2021 08:30,3.2,"",2200,""
915,RIVER GANGA AT D/S (SHUKLAGANJ),CPCB,9,Uttar Pradesh,186,UNNAO,PURWA,-,-,-,-,-,-,-,-,26.47419400,80.37613900,11-05-2021 08:30,3.4,"",1800,""
916,RIVER GANGA AT D/S (SHUKLAGANJ),CPCB,9,Uttar Pradesh,186,UNNAO,PURWA,-,-,-,-,-,-,-,-,26.47419400,80.37613900,25-05-2021 08:30,3.6,"",2100,""
917,RIVER GANGA AT D/S (SHUKLAGANJ),CPCB,9,Uttar Pradesh,186,UNNAO,PURWA,-,-,-,-,-,-,-,-,26.47419400,80.37613900,08-06-2021 08:30,3.8,"",3200,""
918,RIVER GANGA AT D/S (SHUKLAGANJ),CPCB,9,Uttar Pradesh,186,UNNAO,PURWA,-,-,-,-,-,-,-,-,26.47419400,80.37613900,23-07-2021 08:30,3.4,"",3100,""
919,RIVER GANGA AT D/S (SHUKLAGANJ),CPCB,9,Uttar Pradesh,186,UNNAO,PURWA,-,-,-,-,-,-,-,-,26.47419400,80.37613900,10-08-2021 08:30,3.5,"",2500,""
920,RIVER GANGA AT D/S (SHUKLAGANJ),CPCB,9,Uttar Pradesh,186,UNNAO,PURWA,-,-,-,-,-,-,-,-,26.47419400,80.37613900,21-09-2021 08:30,"","",2200,""
921,RIVER GANGA AT D/S (SHUKLAGANJ),CPCB,9,Uttar Pradesh,186,UNNAO,PURWA,-,-,-,-,-,-,-,-,26.47419400,80.37613900,22-10-2021 08:30,"","",2700,""
922,RIVER GANGA AT D/S (SHUKLAGANJ),CPCB,9,Uttar Pradesh,186,UNNAO,PURWA,-,-,-,-,-,-,-,-,26.47419400,80.37613900,10-11-2021 08:30,"","",2800,""
923,RIVER GANGA AT D/S (SHUKLAGANJ),CPCB,9,Uttar Pradesh,186,UNNAO,PURWA,-,-,-,-,-,-,-,-,26.47419400,80.37613900,24-11-2021 08:30,4,"",2500,""
924,RIVER GANGA AT D/S (SHUKLAGANJ),CPCB,9,Uttar Pradesh,186,UNNAO,PURWA,-,-,-,-,-,-,-,-,26.47419400,80.37613900,09-12-2021 08:30,3.6,"",3400,""
925,RIVER GANGA AT D/S (SHUKLAGANJ),CPCB,9,Uttar Pradesh,186,UNNAO,PURWA,-,-,-,-,-,-,-,-,26.47419400,80.37613900,25-12-2021 08:30,3.8,"",3600,""
926,RIVER GANGA AT FARRUKABAD,CPCB,9,Uttar Pradesh,141,FARRUKHABAD,Farrukhabad ,-,-,-,-,-,-,-,-,27.39863900,79.62738900,05-01-2021 08:30,2.3,"",1100,""
927,RIVER GANGA AT FARRUKABAD,CPCB,9,Uttar Pradesh,141,FARRUKHABAD,Farrukhabad ,-,-,-,-,-,-,-,-,27.39863900,79.62738900,02-02-2021 08:30,1.8,"",1200,""
928,RIVER GANGA AT FARRUKABAD,CPCB,9,Uttar Pradesh,141,FARRUKHABAD,Farrukhabad ,-,-,-,-,-,-,-,-,27.39863900,79.62738900,24-02-2021 08:30,1.7,"",1000,""
929,RIVER GANGA AT FARRUKABAD,CPCB,9,Uttar Pradesh,141,FARRUKHABAD,Farrukhabad ,-,-,-,-,-,-,-,-,27.39863900,79.62738900,11-05-2021 08:30,3.7,"",980,""
930,RIVER GANGA AT FARRUKABAD,CPCB,9,Uttar Pradesh,141,FARRUKHABAD,Farrukhabad ,-,-,-,-,-,-,-,-,27.39863900,79.62738900,25-05-2021 08:30,4,"",930,""
931,RIVER GANGA AT FARRUKABAD,CPCB,9,Uttar Pradesh,141,FARRUKHABAD,Farrukhabad ,-,-,-,-,-,-,-,-,27.39863900,79.62738900,08-06-2021 08:30,1.8,"",980,""
932,RIVER GANGA AT FARRUKABAD,CPCB,9,Uttar Pradesh,141,FARRUKHABAD,Farrukhabad ,-,-,-,-,-,-,-,-,27.39863900,79.62738900,22-06-2021 08:30,1.6,"",930,""
933,RIVER GANGA AT FARRUKABAD,CPCB,9,Uttar Pradesh,141,FARRUKHABAD,Farrukhabad ,-,-,-,-,-,-,-,-,27.39863900,79.62738900,06-07-2021 08:30,1.9,"",1100,""
934,RIVER GANGA AT FARRUKABAD,CPCB,9,Uttar Pradesh,141,FARRUKHABAD,Farrukhabad ,-,-,-,-,-,-,-,-,27.39863900,79.62738900,23-07-2021 08:30,1.9,"",920,""
935,RIVER GANGA AT FARRUKABAD,CPCB,9,Uttar Pradesh,141,FARRUKHABAD,Farrukhabad ,-,-,-,-,-,-,-,-,27.39863900,79.62738900,10-08-2021 08:30,1.8,"",540,""
936,RIVER GANGA AT FARRUKABAD,CPCB,9,Uttar Pradesh,141,FARRUKHABAD,Farrukhabad ,-,-,-,-,-,-,-,-,27.39863900,79.62738900,24-08-2021 08:30,1.9,"",920,""
937,RIVER GANGA AT FARRUKABAD,CPCB,9,Uttar Pradesh,141,FARRUKHABAD,Farrukhabad ,-,-,-,-,-,-,-,-,27.39863900,79.62738900,21-10-2021 08:30,"","",1100,""
938,RIVER GANGA AT FARRUKABAD,CPCB,9,Uttar Pradesh,141,FARRUKHABAD,Farrukhabad ,-,-,-,-,-,-,-,-,27.39863900,79.62738900,08-11-2021 08:30,"","",920,""
939,RIVER GANGA AT FARRUKABAD,CPCB,9,Uttar Pradesh,141,FARRUKHABAD,Farrukhabad ,-,-,-,-,-,-,-,-,27.39863900,79.62738900,22-11-2021 08:30,2.8,"",780,""
940,RIVER GANGA AT FARRUKABAD,CPCB,9,Uttar Pradesh,141,FARRUKHABAD,Farrukhabad ,-,-,-,-,-,-,-,-,27.39863900,79.62738900,06-12-2021 08:30,2.8,"",350,""
941,RIVER GANGA AT FARRUKABAD,CPCB,9,Uttar Pradesh,141,FARRUKHABAD,Farrukhabad ,-,-,-,-,-,-,-,-,27.39863900,79.62738900,24-12-2021 08:30,2.9,"",680,""
942,RIVER GANGA AT GHARMUKTESHWAR,CPCB,9,Uttar Pradesh,154,JYOTIBA PHULE NAGAR,DHANAURA,-,-,-,-,-,-,-,-,28.80244400,78.12872200,07-01-2021 08:30,1.4,"",170,""
943,RIVER GANGA AT GHARMUKTESHWAR,CPCB,9,Uttar Pradesh,154,JYOTIBA PHULE NAGAR,DHANAURA,-,-,-,-,-,-,-,-,28.80244400,78.12872200,02-02-2021 08:30,1.3,"",130,""
944,RIVER GANGA AT GHARMUKTESHWAR,CPCB,9,Uttar Pradesh,154,JYOTIBA PHULE NAGAR,DHANAURA,-,-,-,-,-,-,-,-,28.80244400,78.12872200,23-02-2021 08:30,"","",350,""
945,RIVER GANGA AT GHARMUKTESHWAR,CPCB,9,Uttar Pradesh,154,JYOTIBA PHULE NAGAR,DHANAURA,-,-,-,-,-,-,-,-,28.80244400,78.12872200,09-03-2021 08:30,1.4,"",220,""
946,RIVER GANGA AT GHARMUKTESHWAR,CPCB,9,Uttar Pradesh,154,JYOTIBA PHULE NAGAR,DHANAURA,-,-,-,-,-,-,-,-,28.80244400,78.12872200,06-04-2021 08:30,1.4,"",240,""
947,RIVER GANGA AT GHARMUKTESHWAR,CPCB,9,Uttar Pradesh,154,JYOTIBA PHULE NAGAR,DHANAURA,-,-,-,-,-,-,-,-,28.80244400,78.12872200,27-04-2021 08:30,1.2,"",170,""
948,RIVER GANGA AT GHARMUKTESHWAR,CPCB,9,Uttar Pradesh,154,JYOTIBA PHULE NAGAR,DHANAURA,-,-,-,-,-,-,-,-,28.80244400,78.12872200,06-05-2021 08:30,1.4,"",240,""
949,RIVER GANGA AT GHARMUKTESHWAR,CPCB,9,Uttar Pradesh,154,JYOTIBA PHULE NAGAR,DHANAURA,-,-,-,-,-,-,-,-,28.80244400,78.12872200,07-05-2021 08:30,"","",130,""
950,RIVER GANGA AT GHARMUKTESHWAR,CPCB,9,Uttar Pradesh,154,JYOTIBA PHULE NAGAR,DHANAURA,-,-,-,-,-,-,-,-,28.80244400,78.12872200,04-06-2021 08:30,"","",280,""
951,RIVER GANGA AT GHARMUKTESHWAR,CPCB,9,Uttar Pradesh,154,JYOTIBA PHULE NAGAR,DHANAURA,-,-,-,-,-,-,-,-,28.80244400,78.12872200,25-06-2021 08:30,1.3,"",130,""
952,RIVER GANGA AT GHARMUKTESHWAR,CPCB,9,Uttar Pradesh,154,JYOTIBA PHULE NAGAR,DHANAURA,-,-,-,-,-,-,-,-,28.80244400,78.12872200,06-07-2021 08:30,2,"",220,""
953,RIVER GANGA AT GHARMUKTESHWAR,CPCB,9,Uttar Pradesh,154,JYOTIBA PHULE NAGAR,DHANAURA,-,-,-,-,-,-,-,-,28.80244400,78.12872200,20-07-2021 08:30,1.2,"",220,""
954,RIVER GANGA AT GHARMUKTESHWAR,CPCB,9,Uttar Pradesh,154,JYOTIBA PHULE NAGAR,DHANAURA,-,-,-,-,-,-,-,-,28.80244400,78.12872200,10-08-2021 08:30,1.1,"",170,""
955,RIVER GANGA AT GHARMUKTESHWAR,CPCB,9,Uttar Pradesh,154,JYOTIBA PHULE NAGAR,DHANAURA,-,-,-,-,-,-,-,-,28.80244400,78.12872200,31-08-2021 08:30,1.2,"",240,""
956,RIVER GANGA AT GHARMUKTESHWAR,CPCB,9,Uttar Pradesh,154,JYOTIBA PHULE NAGAR,DHANAURA,-,-,-,-,-,-,-,-,28.80244400,78.12872200,10-09-2021 08:30,"","",350,""
957,RIVER GANGA AT GHARMUKTESHWAR,CPCB,9,Uttar Pradesh,154,JYOTIBA PHULE NAGAR,DHANAURA,-,-,-,-,-,-,-,-,28.80244400,78.12872200,28-09-2021 08:30,1.2,"",110,""
958,RIVER GANGA AT GHARMUKTESHWAR,CPCB,9,Uttar Pradesh,154,JYOTIBA PHULE NAGAR,DHANAURA,-,-,-,-,-,-,-,-,28.80244400,78.12872200,12-10-2021 08:30,1.5,"",280,""
959,RIVER GANGA AT GHARMUKTESHWAR,CPCB,9,Uttar Pradesh,154,JYOTIBA PHULE NAGAR,DHANAURA,-,-,-,-,-,-,-,-,28.80244400,78.12872200,26-10-2021 08:30,1.1,"",350,""
960,RIVER GANGA AT GHARMUKTESHWAR,CPCB,9,Uttar Pradesh,154,JYOTIBA PHULE NAGAR,DHANAURA,-,-,-,-,-,-,-,-,28.80244400,78.12872200,02-11-2021 08:30,"","",130,""
961,RIVER GANGA AT GHARMUKTESHWAR,CPCB,9,Uttar Pradesh,154,JYOTIBA PHULE NAGAR,DHANAURA,-,-,-,-,-,-,-,-,28.80244400,78.12872200,19-11-2021 08:30,"","",110,""
962,RIVER GANGA AT MADHYA GANGA BARRAGE BIJNOR,CPCB,9,Uttar Pradesh,172,MUZAFFARNAGAR,JANSATH,-,-,-,-,-,-,-,-,29.37346800,78.04054700,12-01-2021 08:30,1.2,"",790,""
963,RIVER GANGA AT MADHYA GANGA BARRAGE BIJNOR,CPCB,9,Uttar Pradesh,172,MUZAFFARNAGAR,JANSATH,-,-,-,-,-,-,-,-,29.37346800,78.04054700,27-01-2021 08:30,1.2,"",630,""
964,RIVER GANGA AT MADHYA GANGA BARRAGE BIJNOR,CPCB,9,Uttar Pradesh,172,MUZAFFARNAGAR,JANSATH,-,-,-,-,-,-,-,-,29.37346800,78.04054700,09-02-2021 08:30,1.2,"",790,""
965,RIVER GANGA AT MADHYA GANGA BARRAGE BIJNOR,CPCB,9,Uttar Pradesh,172,MUZAFFARNAGAR,JANSATH,-,-,-,-,-,-,-,-,29.37346800,78.04054700,23-02-2021 08:30,1.2,"",700,""
966,RIVER GANGA AT MADHYA GANGA BARRAGE BIJNOR,CPCB,9,Uttar Pradesh,172,MUZAFFARNAGAR,JANSATH,-,-,-,-,-,-,-,-,29.37346800,78.04054700,09-03-2021 08:30,1.2,"",790,""
967,RIVER GANGA AT MADHYA GANGA BARRAGE BIJNOR,CPCB,9,Uttar Pradesh,172,MUZAFFARNAGAR,JANSATH,-,-,-,-,-,-,-,-,29.37346800,78.04054700,31-03-2021 08:30,1.3,"",790,""
968,RIVER GANGA AT MADHYA GANGA BARRAGE BIJNOR,CPCB,9,Uttar Pradesh,172,MUZAFFARNAGAR,JANSATH,-,-,-,-,-,-,-,-,29.37346800,78.04054700,06-04-2021 08:30,1.4,"",790,""
969,RIVER GANGA AT MADHYA GANGA BARRAGE BIJNOR,CPCB,9,Uttar Pradesh,172,MUZAFFARNAGAR,JANSATH,-,-,-,-,-,-,-,-,29.37346800,78.04054700,20-04-2021 08:30,1.4,"",790,""
970,RIVER GANGA AT MADHYA GANGA BARRAGE BIJNOR,CPCB,9,Uttar Pradesh,172,MUZAFFARNAGAR,JANSATH,-,-,-,-,-,-,-,-,29.37346800,78.04054700,04-05-2021 08:30,1.4,"",840,""
971,RIVER GANGA AT MADHYA GANGA BARRAGE BIJNOR,CPCB,9,Uttar Pradesh,172,MUZAFFARNAGAR,JANSATH,-,-,-,-,-,-,-,-,29.37346800,78.04054700,25-05-2021 08:30,1.1,"",840,""
972,RIVER GANGA AT MADHYA GANGA BARRAGE BIJNOR,CPCB,9,Uttar Pradesh,172,MUZAFFARNAGAR,JANSATH,-,-,-,-,-,-,-,-,29.37346800,78.04054700,08-06-2021 08:30,1.1,"",840,""
973,RIVER GANGA AT MADHYA GANGA BARRAGE BIJNOR,CPCB,9,Uttar Pradesh,172,MUZAFFARNAGAR,JANSATH,-,-,-,-,-,-,-,-,29.37346800,78.04054700,22-06-2021 08:30,1.1,"",840,""
974,RIVER GANGA AT MADHYA GANGA BARRAGE BIJNOR,CPCB,9,Uttar Pradesh,172,MUZAFFARNAGAR,JANSATH,-,-,-,-,-,-,-,-,29.37346800,78.04054700,13-07-2021 08:30,1.1,"",790,""
975,RIVER GANGA AT MADHYA GANGA BARRAGE BIJNOR,CPCB,9,Uttar Pradesh,172,MUZAFFARNAGAR,JANSATH,-,-,-,-,-,-,-,-,29.37346800,78.04054700,27-07-2021 08:30,1.4,"",840,""
976,RIVER GANGA AT MADHYA GANGA BARRAGE BIJNOR,CPCB,9,Uttar Pradesh,172,MUZAFFARNAGAR,JANSATH,-,-,-,-,-,-,-,-,29.37346800,78.04054700,17-08-2021 08:30,1.2,"",630,""
977,RIVER GANGA AT MADHYA GANGA BARRAGE BIJNOR,CPCB,9,Uttar Pradesh,172,MUZAFFARNAGAR,JANSATH,-,-,-,-,-,-,-,-,29.37346800,78.04054700,31-08-2021 08:30,1.3,"",790,""
978,RIVER GANGA AT MADHYA GANGA BARRAGE BIJNOR,CPCB,9,Uttar Pradesh,172,MUZAFFARNAGAR,JANSATH,-,-,-,-,-,-,-,-,29.37346800,78.04054700,14-09-2021 08:30,1.3,"",790,""
979,RIVER GANGA AT MADHYA GANGA BARRAGE BIJNOR,CPCB,9,Uttar Pradesh,172,MUZAFFARNAGAR,JANSATH,-,-,-,-,-,-,-,-,29.37346800,78.04054700,28-09-2021 08:30,1.2,"",940,""
980,RIVER GANGA AT MADHYA GANGA BARRAGE BIJNOR,CPCB,9,Uttar Pradesh,172,MUZAFFARNAGAR,JANSATH,-,-,-,-,-,-,-,-,29.37346800,78.04054700,12-10-2021 08:30,1.3,"",790,""
981,RIVER GANGA AT MADHYA GANGA BARRAGE BIJNOR,CPCB,9,Uttar Pradesh,172,MUZAFFARNAGAR,JANSATH,-,-,-,-,-,-,-,-,29.37346800,78.04054700,26-10-2021 08:30,1.2,"",940,""
982,RIVER GANGA AT MADHYA GANGA BARRAGE BIJNOR,CPCB,9,Uttar Pradesh,172,MUZAFFARNAGAR,JANSATH,-,-,-,-,-,-,-,-,29.37346800,78.04054700,09-11-2021 08:30,1.2,"",940,""
983,RIVER GANGA AT MADHYA GANGA BARRAGE BIJNOR,CPCB,9,Uttar Pradesh,172,MUZAFFARNAGAR,JANSATH,-,-,-,-,-,-,-,-,29.37346800,78.04054700,23-11-2021 08:30,1.3,"",700,""
984,RIVER GANGA AT MADHYA GANGA BARRAGE BIJNOR,CPCB,9,Uttar Pradesh,172,MUZAFFARNAGAR,JANSATH,-,-,-,-,-,-,-,-,29.37346800,78.04054700,14-12-2021 08:30,1.2,"",790,""
985,RIVER GANGA AT MADHYA GANGA BARRAGE BIJNOR,CPCB,9,Uttar Pradesh,172,MUZAFFARNAGAR,JANSATH,-,-,-,-,-,-,-,-,29.37346800,78.04054700,28-12-2021 08:30,1.1,"",840,""
986,RIVER GANGA D/S NEAR CREMATION GHAT,CPCB,9,Uttar Pradesh,187,VARANASI,VARANASI,-,-,-,-,-,-,-,-,25.31074000,83.01420500,28-01-2021 08:30,2.1,"",1700,""
987,RIVER GANGA D/S NEAR CREMATION GHAT,CPCB,9,Uttar Pradesh,187,VARANASI,VARANASI,-,-,-,-,-,-,-,-,25.31074000,83.01420500,10-02-2021 08:30,1.9,"",2300,""
988,RIVER GANGA D/S NEAR CREMATION GHAT,CPCB,9,Uttar Pradesh,187,VARANASI,VARANASI,-,-,-,-,-,-,-,-,25.31074000,83.01420500,26-02-2021 08:30,1.6,"",92000,""
989,RIVER GANGA D/S NEAR CREMATION GHAT,CPCB,9,Uttar Pradesh,187,VARANASI,VARANASI,-,-,-,-,-,-,-,-,25.31074000,83.01420500,12-03-2021 08:30,1.3,"",24000,""
990,RIVER GANGA D/S NEAR CREMATION GHAT,CPCB,9,Uttar Pradesh,187,VARANASI,VARANASI,-,-,-,-,-,-,-,-,25.31074000,83.01420500,26-03-2021 08:30,1.3,"",54000,""
991,RIVER GANGA D/S NEAR CREMATION GHAT,CPCB,9,Uttar Pradesh,187,VARANASI,VARANASI,-,-,-,-,-,-,-,-,25.31074000,83.01420500,07-04-2021 08:30,2,"",35000,""
992,RIVER GANGA D/S NEAR CREMATION GHAT,CPCB,9,Uttar Pradesh,187,VARANASI,VARANASI,-,-,-,-,-,-,-,-,25.31074000,83.01420500,23-06-2021 08:30,2.3,"",160000,""
993,RIVER GANGA D/S NEAR CREMATION GHAT,CPCB,9,Uttar Pradesh,187,VARANASI,VARANASI,-,-,-,-,-,-,-,-,25.31074000,83.01420500,09-07-2021 08:30,1.8,"",92000,""
994,RIVER GANGA D/S NEAR CREMATION GHAT,CPCB,9,Uttar Pradesh,187,VARANASI,VARANASI,-,-,-,-,-,-,-,-,25.31074000,83.01420500,23-07-2021 08:30,2.6,"",13000,""
995,RIVER GANGA D/S NEAR CREMATION GHAT,CPCB,9,Uttar Pradesh,187,VARANASI,VARANASI,-,-,-,-,-,-,-,-,25.31074000,83.01420500,10-08-2021 08:30,1.2,"",54000,""
996,RIVER GANGA D/S NEAR CREMATION GHAT,CPCB,9,Uttar Pradesh,187,VARANASI,VARANASI,-,-,-,-,-,-,-,-,25.31074000,83.01420500,08-09-2021 08:30,2.2,"",160000,""
997,RIVER GANGA D/S NEAR CREMATION GHAT,CPCB,9,Uttar Pradesh,187,VARANASI,VARANASI,-,-,-,-,-,-,-,-,25.31074000,83.01420500,21-09-2021 08:30,2.5,"",28000,""
998,RIVER GANGA D/S NEAR CREMATION GHAT,CPCB,9,Uttar Pradesh,187,VARANASI,VARANASI,-,-,-,-,-,-,-,-,25.31074000,83.01420500,07-10-2021 08:30,1.9,"",54000,""
999,RIVER GANGA D/S NEAR CREMATION GHAT,CPCB,9,Uttar Pradesh,187,VARANASI,VARANASI,-,-,-,-,-,-,-,-,25.31074000,83.01420500,21-10-2021 08:30,2.2,"",160000,""
1000,RIVER GANGA D/S NEAR CREMATION GHAT,CPCB,9,Uttar Pradesh,187,VARANASI,VARANASI,-,-,-,-,-,-,-,-,25.31074000,83.01420500,16-11-2021 08:30,1.9,"",160000,""
1001,RIVER GANGA D/S NEAR CREMATION GHAT,CPCB,9,Uttar Pradesh,187,VARANASI,VARANASI,-,-,-,-,-,-,-,-,25.31074000,83.01420500,07-12-2021 08:30,1.7,"",160000,""
1002,RIVER GANGA D/S NEAR CREMATION GHAT,CPCB,9,Uttar Pradesh,187,VARANASI,VARANASI,-,-,-,-,-,-,-,-,25.31074000,83.01420500,22-12-2021 08:30,1.4,"",1700,""
1003,RIVER GHAGHRA AT BARHALGANJ GORAKHPUR,CPCB,9,Uttar Pradesh,148,GORAKHPUR,GOLA,-,-,-,-,-,-,-,-,26.27852400,83.51388500,01-01-2021 08:30,"","","",""
1004,RIVER GHAGHRA AT BARHALGANJ GORAKHPUR,CPCB,9,Uttar Pradesh,148,GORAKHPUR,GOLA,-,-,-,-,-,-,-,-,26.27852400,83.51388500,03-02-2021 08:30,5,"",33000,""
1005,RIVER GHAGHRA AT BARHALGANJ GORAKHPUR,CPCB,9,Uttar Pradesh,148,GORAKHPUR,GOLA,-,-,-,-,-,-,-,-,26.27852400,83.51388500,18-03-2021 08:30,5.2,"",35000,""
1006,RIVER GHAGHRA AT BARHALGANJ GORAKHPUR,CPCB,9,Uttar Pradesh,148,GORAKHPUR,GOLA,-,-,-,-,-,-,-,-,26.27852400,83.51388500,05-04-2021 08:30,5.4,"",36000,""
1007,RIVER GHAGHRA AT BARHALGANJ GORAKHPUR,CPCB,9,Uttar Pradesh,148,GORAKHPUR,GOLA,-,-,-,-,-,-,-,-,26.27852400,83.51388500,05-06-2021 08:30,5,"",32000,""
1008,RIVER GHAGHRA AT BARHALGANJ GORAKHPUR,CPCB,9,Uttar Pradesh,148,GORAKHPUR,GOLA,-,-,-,-,-,-,-,-,26.27852400,83.51388500,04-08-2021 08:30,4.6,"",28000,""
1009,RIVER GHAGHRA AT BARHALGANJ GORAKHPUR,CPCB,9,Uttar Pradesh,148,GORAKHPUR,GOLA,-,-,-,-,-,-,-,-,26.27852400,83.51388500,06-09-2021 08:30,4.4,"",27000,""
1010,RIVER GHAGHRA AT BARHALGANJ GORAKHPUR,CPCB,9,Uttar Pradesh,148,GORAKHPUR,GOLA,-,-,-,-,-,-,-,-,26.27852400,83.51388500,04-10-2021 08:30,4.8,"",28000,""
1011,RIVER GHAGHRA AT BARHALGANJ GORAKHPUR,CPCB,9,Uttar Pradesh,148,GORAKHPUR,GOLA,-,-,-,-,-,-,-,-,26.27852400,83.51388500,02-11-2021 08:30,5,"",30000,""
1012,RIVER GHAGHRA AT BARHALGANJ GORAKHPUR,CPCB,9,Uttar Pradesh,148,GORAKHPUR,GOLA,-,-,-,-,-,-,-,-,26.27852400,83.51388500,03-12-2021 08:30,4.8,"",28000,""
1013,RIVER GOMTI AT BHATPUR D/S,CPCB,9,Uttar Pradesh,150,HARDOI,SANDILA,-,-,-,-,-,-,-,-,27.15785800,80.81472500,28-05-2021 08:30,2.8,"",3400,""
1014,RIVER GOMTI AT BHATPUR D/S,CPCB,9,Uttar Pradesh,150,HARDOI,SANDILA,-,-,-,-,-,-,-,-,27.15785800,80.81472500,24-06-2021 08:30,3,"",1700,""
1015,RIVER GOMTI AT BHATPUR D/S,CPCB,9,Uttar Pradesh,150,HARDOI,SANDILA,-,-,-,-,-,-,-,-,27.15785800,80.81472500,21-07-2021 08:30,3.1,"",4900,""
1016,RIVER GOMTI AT BHATPUR D/S,CPCB,9,Uttar Pradesh,150,HARDOI,SANDILA,-,-,-,-,-,-,-,-,27.15785800,80.81472500,25-08-2021 08:30,2.9,"",2300,""
1017,RIVER GOMTI AT BHATPUR U/S,CPCB,9,Uttar Pradesh,150,HARDOI,SANDILA,-,-,-,-,-,-,-,-,27.20118000,80.76594200,28-05-2021 08:30,2.6,"",3300,""
1018,RIVER GOMTI AT BHATPUR U/S,CPCB,9,Uttar Pradesh,150,HARDOI,SANDILA,-,-,-,-,-,-,-,-,27.20118000,80.76594200,24-06-2021 08:30,2.9,"",2300,""
1019,RIVER GOMTI AT BHATPUR U/S,CPCB,9,Uttar Pradesh,150,HARDOI,SANDILA,-,-,-,-,-,-,-,-,27.20118000,80.76594200,21-07-2021 08:30,3,"",2200,""
1020,RIVER GOMTI AT BHATPUR U/S,CPCB,9,Uttar Pradesh,150,HARDOI,SANDILA,-,-,-,-,-,-,-,-,27.20118000,80.76594200,25-08-2021 08:30,2.7,"",1700,""
1021,RIVER GOMTI AT GANGAGANJ D/S,CPCB,9,Uttar Pradesh,129,BARABANKI,BANKI,-,-,-,-,-,-,-,-,26.73695100,81.23135000,17-06-2021 08:30,4,"",11000,""
1022,RIVER GOMTI AT GANGAGANJ D/S,CPCB,9,Uttar Pradesh,129,BARABANKI,BANKI,-,-,-,-,-,-,-,-,26.73695100,81.23135000,21-07-2021 08:30,3.9,"",7800,""
1023,RIVER GOMTI AT GANGAGANJ D/S,CPCB,9,Uttar Pradesh,129,BARABANKI,BANKI,-,-,-,-,-,-,-,-,26.73695100,81.23135000,08-08-2021 08:30,4.6,"",7000,""
1024,RIVER GOMTI AT GANGAGANJ U/S,CPCB,9,Uttar Pradesh,129,BARABANKI,BANKI,-,-,-,-,-,-,-,-,26.74871100,81.20090500,17-06-2021 08:30,4.3,"",13000,""
1025,RIVER GOMTI AT GANGAGANJ U/S,CPCB,9,Uttar Pradesh,129,BARABANKI,BANKI,-,-,-,-,-,-,-,-,26.74871100,81.20090500,21-07-2021 08:30,4.2,"",11000,""
1026,RIVER GOMTI AT GANGAGANJ U/S,CPCB,9,Uttar Pradesh,129,BARABANKI,BANKI,-,-,-,-,-,-,-,-,26.74871100,81.20090500,08-08-2021 08:30,4.8,"",7900,""
1027,RIVER GOMTI AT GAUGHAT D/S,CPCB,9,Uttar Pradesh,140,Ayodhya,Ayodhya,-,-,-,-,-,-,-,-,26.64245800,81.60777100,17-06-2021 08:30,3.9,"",9200,""
1028,RIVER GOMTI AT GAUGHAT D/S,CPCB,9,Uttar Pradesh,140,Ayodhya,Ayodhya,-,-,-,-,-,-,-,-,26.64245800,81.60777100,21-07-2021 08:30,4.7,"",4900,""
1029,RIVER GOMTI AT GAUGHAT D/S,CPCB,9,Uttar Pradesh,140,Ayodhya,Ayodhya,-,-,-,-,-,-,-,-,26.64245800,81.60777100,08-08-2021 08:30,3.8,"",4900,""
1030,RIVER GOMTI AT GAUGHAT U/S,CPCB,9,Uttar Pradesh,129,BARABANKI,Ramsanehighat,-,-,-,-,-,-,-,-,26.69210200,81.54009400,17-06-2021 08:30,3.8,"",3300,""
1031,RIVER GOMTI AT GAUGHAT U/S,CPCB,9,Uttar Pradesh,129,BARABANKI,Ramsanehighat,-,-,-,-,-,-,-,-,26.69210200,81.54009400,21-07-2021 08:30,4,"",4900,""
1032,RIVER GOMTI AT GAUGHAT U/S,CPCB,9,Uttar Pradesh,129,BARABANKI,Ramsanehighat,-,-,-,-,-,-,-,-,26.69210200,81.54009400,08-08-2021 08:30,3.6,"",4000,""
1033,RIVER GOMTI AT JAUNPUR U/S,CPCB,9,Uttar Pradesh,152,JAUNPUR,Jaunpur ,-,-,-,-,-,-,-,-,25.74870300,82.68484000,02-01-2021 08:30,2.6,"",1300,""
1034,RIVER GOMTI AT JAUNPUR U/S,CPCB,9,Uttar Pradesh,152,JAUNPUR,Jaunpur ,-,-,-,-,-,-,-,-,25.74870300,82.68484000,01-02-2021 08:30,2.3,"",1100,""
1035,RIVER GOMTI AT JAUNPUR U/S,CPCB,9,Uttar Pradesh,152,JAUNPUR,Jaunpur ,-,-,-,-,-,-,-,-,25.74870300,82.68484000,02-03-2021 08:30,2.6,"",1300,""
1036,RIVER GOMTI AT JAUNPUR U/S,CPCB,9,Uttar Pradesh,152,JAUNPUR,Jaunpur ,-,-,-,-,-,-,-,-,25.74870300,82.68484000,02-04-2021 08:30,2.8,"",1100,""
1037,RIVER GOMTI AT JAUNPUR U/S,CPCB,9,Uttar Pradesh,152,JAUNPUR,Jaunpur ,-,-,-,-,-,-,-,-,25.74870300,82.68484000,03-05-2021 08:30,2.7,"",1400,""
1038,RIVER GOMTI AT JAUNPUR U/S,CPCB,9,Uttar Pradesh,152,JAUNPUR,Jaunpur ,-,-,-,-,-,-,-,-,25.74870300,82.68484000,02-06-2021 08:30,2.8,"",1300,""
1039,RIVER GOMTI AT JAUNPUR U/S,CPCB,9,Uttar Pradesh,152,JAUNPUR,Jaunpur ,-,-,-,-,-,-,-,-,25.74870300,82.68484000,02-07-2021 08:30,2.9,"",900,""
1040,RIVER GOMTI AT JAUNPUR U/S,CPCB,9,Uttar Pradesh,152,JAUNPUR,Jaunpur ,-,-,-,-,-,-,-,-,25.74870300,82.68484000,03-08-2021 08:30,3.2,"",1300,""
1041,RIVER GOMTI AT JAUNPUR U/S,CPCB,9,Uttar Pradesh,152,JAUNPUR,Jaunpur ,-,-,-,-,-,-,-,-,25.74870300,82.68484000,02-09-2021 08:30,2.8,"",1300,""
1042,RIVER GOMTI AT JAUNPUR U/S,CPCB,9,Uttar Pradesh,152,JAUNPUR,Jaunpur ,-,-,-,-,-,-,-,-,25.74870300,82.68484000,05-10-2021 08:30,2.5,"",700,""
1043,RIVER GOMTI AT JAUNPUR U/S,CPCB,9,Uttar Pradesh,152,JAUNPUR,Jaunpur ,-,-,-,-,-,-,-,-,25.74870300,82.68484000,02-11-2021 08:30,2.4,"",800,""
1044,RIVER GOMTI AT JAUNPUR U/S,CPCB,9,Uttar Pradesh,152,JAUNPUR,Jaunpur ,-,-,-,-,-,-,-,-,25.74870300,82.68484000,02-12-2021 08:30,2.7,"",1300,""
1045,RIVER GOMTI AT MOHMEAK D/S,CPCB,9,Uttar Pradesh,159,KHERI,MOHAMMADI,-,-,-,-,-,-,-,-,27.80731700,80.43667000,17-06-2021 08:30,9.5,"",79000,""
1046,RIVER GOMTI AT MOHMEAK D/S,CPCB,9,Uttar Pradesh,159,KHERI,MOHAMMADI,-,-,-,-,-,-,-,-,27.80731700,80.43667000,21-07-2021 08:30,11,"",110000,""
1047,RIVER GOMTI AT MOHMEAK D/S,CPCB,9,Uttar Pradesh,159,KHERI,MOHAMMADI,-,-,-,-,-,-,-,-,27.80731700,80.43667000,08-08-2021 08:30,9.5,"",70000,""
1048,RIVER GOMTI AT MOHMEAK U/S,CPCB,9,Uttar Pradesh,159,KHERI,MOHAMMADI,-,-,-,-,-,-,-,-,27.82075200,80.43049200,17-06-2021 08:30,9,"",70000,""
1049,RIVER GOMTI AT MOHMEAK U/S,CPCB,9,Uttar Pradesh,159,KHERI,MOHAMMADI,-,-,-,-,-,-,-,-,27.82075200,80.43049200,21-07-2021 08:30,10,"",79000,""
1050,RIVER GOMTI AT MOHMEAK U/S,CPCB,9,Uttar Pradesh,159,KHERI,MOHAMMADI,-,-,-,-,-,-,-,-,27.82075200,80.43049200,08-08-2021 08:30,9,"",70000,""
1051,RIVER GOMTI AT NEEMSAR D/S,CPCB,9,Uttar Pradesh,150,HARDOI,SANDILA,-,-,-,-,-,-,-,-,27.26441600,80.53688300,24-06-2021 08:30,2.7,"",1700,""
1052,RIVER GOMTI AT NEEMSAR D/S,CPCB,9,Uttar Pradesh,150,HARDOI,SANDILA,-,-,-,-,-,-,-,-,27.26441600,80.53688300,21-07-2021 08:30,2.9,"",2100,""
1053,RIVER GOMTI AT NEEMSAR D/S,CPCB,9,Uttar Pradesh,150,HARDOI,SANDILA,-,-,-,-,-,-,-,-,27.26441600,80.53688300,25-08-2021 08:30,2.8,"",1400,""
1054,RIVER GOMTI AT NEEMSAR U/S,CPCB,9,Uttar Pradesh,150,HARDOI,SANDILA,-,-,-,-,-,-,-,-,27.35031200,80.46021100,28-05-2021 08:30,2.5,"",2200,""
1055,RIVER GOMTI AT NEEMSAR U/S,CPCB,9,Uttar Pradesh,150,HARDOI,SANDILA,-,-,-,-,-,-,-,-,27.35031200,80.46021100,24-06-2021 08:30,2.6,"",1400,""
1056,RIVER GOMTI AT NEEMSAR U/S,CPCB,9,Uttar Pradesh,150,HARDOI,SANDILA,-,-,-,-,-,-,-,-,27.35031200,80.46021100,21-07-2021 08:30,2.8,"",1700,""
1057,RIVER GOMTI AT NEEMSAR U/S,CPCB,9,Uttar Pradesh,150,HARDOI,SANDILA,-,-,-,-,-,-,-,-,27.35031200,80.46021100,25-08-2021 08:30,2.7,"",1100,""
1058,RIVER GOMTI AT PIPRAGHAT D/S,CPCB,9,Uttar Pradesh,152,JAUNPUR,Jaunpur ,-,-,-,-,-,-,-,-,25.73617300,82.73997100,17-06-2021 08:30,15,"",170000,""
1059,RIVER GOMTI AT PIPRAGHAT D/S,CPCB,9,Uttar Pradesh,152,JAUNPUR,Jaunpur ,-,-,-,-,-,-,-,-,25.73617300,82.73997100,21-07-2021 08:30,12.5,"",130000,""
1060,RIVER GOMTI AT PIPRAGHAT D/S,CPCB,9,Uttar Pradesh,152,JAUNPUR,Jaunpur ,-,-,-,-,-,-,-,-,25.73617300,82.73997100,08-08-2021 08:30,12,"",110000,""
1061,RIVER GOMTI AT PIPRAGHAT U/S,CPCB,9,Uttar Pradesh,152,JAUNPUR,Jaunpur ,-,-,-,-,-,-,-,-,25.76944200,82.66231000,17-06-2021 08:30,14.5,"",130000,""
1062,RIVER GOMTI AT PIPRAGHAT U/S,CPCB,9,Uttar Pradesh,152,JAUNPUR,Jaunpur ,-,-,-,-,-,-,-,-,25.76944200,82.66231000,21-07-2021 08:30,12,"",110000,""
1063,RIVER GOMTI AT PIPRAGHAT U/S,CPCB,9,Uttar Pradesh,152,JAUNPUR,Jaunpur ,-,-,-,-,-,-,-,-,25.76944200,82.66231000,08-08-2021 08:30,11.5,"",110000,""
1064,RIVER HINDON AT BARNAWA D/S,CPCB,9,Uttar Pradesh,124,BAGHPAT,BAGHPAT,-,-,-,-,-,-,-,-,29.09236100,77.42329300,27-01-2021 08:30,50,"",94000,""
1065,RIVER HINDON AT BARNAWA D/S,CPCB,9,Uttar Pradesh,124,BAGHPAT,BAGHPAT,-,-,-,-,-,-,-,-,29.09236100,77.42329300,20-02-2021 08:30,56,"",92000,""
1066,RIVER HINDON AT BARNAWA D/S,CPCB,9,Uttar Pradesh,124,BAGHPAT,BAGHPAT,-,-,-,-,-,-,-,-,29.09236100,77.42329300,26-03-2021 08:30,54,"",98000,""
1067,RIVER HINDON AT BARNAWA D/S,CPCB,9,Uttar Pradesh,124,BAGHPAT,BAGHPAT,-,-,-,-,-,-,-,-,29.09236100,77.42329300,27-04-2021 08:30,58,"",110000,""
1068,RIVER HINDON AT BARNAWA D/S,CPCB,9,Uttar Pradesh,124,BAGHPAT,BAGHPAT,-,-,-,-,-,-,-,-,29.09236100,77.42329300,27-05-2021 08:30,56,"",100000,""
1069,RIVER HINDON AT BARNAWA D/S,CPCB,9,Uttar Pradesh,124,BAGHPAT,BAGHPAT,-,-,-,-,-,-,-,-,29.09236100,77.42329300,28-06-2021 08:30,55,"",110000,""
1070,RIVER HINDON AT BARNAWA D/S,CPCB,9,Uttar Pradesh,124,BAGHPAT,BAGHPAT,-,-,-,-,-,-,-,-,29.09236100,77.42329300,28-07-2021 08:30,54,"",100000,""
1071,RIVER HINDON AT BARNAWA D/S,CPCB,9,Uttar Pradesh,124,BAGHPAT,BAGHPAT,-,-,-,-,-,-,-,-,29.09236100,77.42329300,27-08-2021 08:30,52,"",94000,""
1072,RIVER HINDON AT BARNAWA D/S,CPCB,9,Uttar Pradesh,124,BAGHPAT,BAGHPAT,-,-,-,-,-,-,-,-,29.09236100,77.42329300,27-09-2021 08:30,52,"",92000,""
1073,RIVER HINDON AT BARNAWA D/S,CPCB,9,Uttar Pradesh,124,BAGHPAT,BAGHPAT,-,-,-,-,-,-,-,-,29.09236100,77.42329300,29-10-2021 08:30,52,"",94000,""
1074,RIVER HINDON AT BARNAWA D/S,CPCB,9,Uttar Pradesh,124,BAGHPAT,BAGHPAT,-,-,-,-,-,-,-,-,29.09236100,77.42329300,27-11-2021 08:30,54,"",84000,""
1075,RIVER HINDON AT BARNAWA D/S,CPCB,9,Uttar Pradesh,124,BAGHPAT,BAGHPAT,-,-,-,-,-,-,-,-,29.09236100,77.42329300,24-12-2021 08:30,52,"",79000,""
1076,RIVER HINDON AT BARNAWA U/S,CPCB,9,Uttar Pradesh,124,BAGHPAT,BAGHPAT,-,-,-,-,-,-,-,-,29.12803200,77.44774600,07-01-2021 08:30,52,"",110000,""
1077,RIVER HINDON AT BARNAWA U/S,CPCB,9,Uttar Pradesh,124,BAGHPAT,BAGHPAT,-,-,-,-,-,-,-,-,29.12803200,77.44774600,02-02-2021 08:30,58,"",120000,""
1078,RIVER HINDON AT BARNAWA U/S,CPCB,9,Uttar Pradesh,124,BAGHPAT,BAGHPAT,-,-,-,-,-,-,-,-,29.12803200,77.44774600,06-03-2021 08:30,56,"",110000,""
1079,RIVER HINDON AT BARNAWA U/S,CPCB,9,Uttar Pradesh,124,BAGHPAT,BAGHPAT,-,-,-,-,-,-,-,-,29.12803200,77.44774600,06-04-2021 08:30,58,"",120000,""
1080,RIVER HINDON AT BARNAWA U/S,CPCB,9,Uttar Pradesh,124,BAGHPAT,BAGHPAT,-,-,-,-,-,-,-,-,29.12803200,77.44774600,06-05-2021 08:30,56,"",110000,""
1081,RIVER HINDON AT BARNAWA U/S,CPCB,9,Uttar Pradesh,124,BAGHPAT,BAGHPAT,-,-,-,-,-,-,-,-,29.12803200,77.44774600,07-06-2021 08:30,58,"",120000,""
1082,RIVER HINDON AT BARNAWA U/S,CPCB,9,Uttar Pradesh,124,BAGHPAT,BAGHPAT,-,-,-,-,-,-,-,-,29.12803200,77.44774600,07-07-2021 08:30,56,"",110000,""
1083,RIVER HINDON AT BARNAWA U/S,CPCB,9,Uttar Pradesh,124,BAGHPAT,BAGHPAT,-,-,-,-,-,-,-,-,29.12803200,77.44774600,07-08-2021 08:30,54,"",100000,""
1084,RIVER HINDON AT BARNAWA U/S,CPCB,9,Uttar Pradesh,124,BAGHPAT,BAGHPAT,-,-,-,-,-,-,-,-,29.12803200,77.44774600,09-09-2021 08:30,56,"",110000,""
1085,RIVER HINDON AT BARNAWA U/S,CPCB,9,Uttar Pradesh,124,BAGHPAT,BAGHPAT,-,-,-,-,-,-,-,-,29.12803200,77.44774600,05-10-2021 08:30,56,"",110000,""
1086,RIVER HINDON AT BARNAWA U/S,CPCB,9,Uttar Pradesh,124,BAGHPAT,BAGHPAT,-,-,-,-,-,-,-,-,29.12803200,77.44774600,08-11-2021 08:30,58,"",100000,""
1087,RIVER HINDON AT BARNAWA U/S,CPCB,9,Uttar Pradesh,124,BAGHPAT,BAGHPAT,-,-,-,-,-,-,-,-,29.12803200,77.44774600,06-12-2021 08:30,56,"",110000,""
1088,RIVER HINDON AT GHAZIABAD U/S,CPCB,9,Uttar Pradesh,145,GHAZIABAD,GHAZIABAD,-,-,-,-,-,-,-,-,28.73389100,77.38523600,01-01-2021 08:30,26,"",270000,""
1089,RIVER HINDON AT GHAZIABAD U/S,CPCB,9,Uttar Pradesh,145,GHAZIABAD,GHAZIABAD,-,-,-,-,-,-,-,-,28.73389100,77.38523600,04-02-2021 08:30,23,"",140000,""
1090,RIVER HINDON AT GHAZIABAD U/S,CPCB,9,Uttar Pradesh,145,GHAZIABAD,GHAZIABAD,-,-,-,-,-,-,-,-,28.73389100,77.38523600,10-03-2021 08:30,23,"",170000,""
1091,RIVER HINDON AT GHAZIABAD U/S,CPCB,9,Uttar Pradesh,145,GHAZIABAD,GHAZIABAD,-,-,-,-,-,-,-,-,28.73389100,77.38523600,08-04-2021 08:30,15,"",170000,""
1092,RIVER HINDON AT GHAZIABAD U/S,CPCB,9,Uttar Pradesh,145,GHAZIABAD,GHAZIABAD,-,-,-,-,-,-,-,-,28.73389100,77.38523600,08-05-2021 08:30,12,"",140000,""
1093,RIVER HINDON AT GHAZIABAD U/S,CPCB,9,Uttar Pradesh,145,GHAZIABAD,GHAZIABAD,-,-,-,-,-,-,-,-,28.73389100,77.38523600,09-06-2021 08:30,18,"",110000,""
1094,RIVER HINDON AT GHAZIABAD U/S,CPCB,9,Uttar Pradesh,145,GHAZIABAD,GHAZIABAD,-,-,-,-,-,-,-,-,28.73389100,77.38523600,13-07-2021 08:30,20,"",140000,""
1095,RIVER HINDON AT GHAZIABAD U/S,CPCB,9,Uttar Pradesh,145,GHAZIABAD,GHAZIABAD,-,-,-,-,-,-,-,-,28.73389100,77.38523600,11-08-2021 08:30,15,"",170000,""
1096,RIVER HINDON AT GHAZIABAD U/S,CPCB,9,Uttar Pradesh,145,GHAZIABAD,GHAZIABAD,-,-,-,-,-,-,-,-,28.73389100,77.38523600,08-09-2021 08:30,17,"",140000,""
1097,RIVER HINDON AT GHAZIABAD U/S,CPCB,9,Uttar Pradesh,145,GHAZIABAD,GHAZIABAD,-,-,-,-,-,-,-,-,28.73389100,77.38523600,14-10-2021 08:30,18,"",210000,""
1098,RIVER HINDON AT GHAZIABAD U/S,CPCB,9,Uttar Pradesh,145,GHAZIABAD,GHAZIABAD,-,-,-,-,-,-,-,-,28.73389100,77.38523600,20-11-2021 08:30,16,"",280000,""
1099,RIVER HINDON AT GHAZIABAD U/S,CPCB,9,Uttar Pradesh,145,GHAZIABAD,GHAZIABAD,-,-,-,-,-,-,-,-,28.73389100,77.38523600,03-12-2021 08:30,24,"",110000,""
1100,RIVER HINDON AT MOHAN NAGAR D/S,CPCB,9,Uttar Pradesh,145,GHAZIABAD,GHAZIABAD,-,-,-,-,-,-,-,-,28.66441900,77.39953100,01-01-2021 08:30,42,"",1.1e+06,""
1101,RIVER HINDON AT MOHAN NAGAR D/S,CPCB,9,Uttar Pradesh,145,GHAZIABAD,GHAZIABAD,-,-,-,-,-,-,-,-,28.66441900,77.39953100,04-02-2021 08:30,52,"",2.2e+06,""
1102,RIVER HINDON AT MOHAN NAGAR D/S,CPCB,9,Uttar Pradesh,145,GHAZIABAD,GHAZIABAD,-,-,-,-,-,-,-,-,28.66441900,77.39953100,13-03-2021 08:30,48,"",2.8e+06,""
1103,RIVER HINDON AT MOHAN NAGAR D/S,CPCB,9,Uttar Pradesh,145,GHAZIABAD,GHAZIABAD,-,-,-,-,-,-,-,-,28.66441900,77.39953100,08-04-2021 08:30,50,"",220000,""
1104,RIVER HINDON AT MOHAN NAGAR D/S,CPCB,9,Uttar Pradesh,145,GHAZIABAD,GHAZIABAD,-,-,-,-,-,-,-,-,28.66441900,77.39953100,08-05-2021 08:30,39,"",2.6e+06,""
1105,RIVER HINDON AT MOHAN NAGAR D/S,CPCB,9,Uttar Pradesh,145,GHAZIABAD,GHAZIABAD,-,-,-,-,-,-,-,-,28.66441900,77.39953100,09-06-2021 08:30,25.5,"",1.2e+06,""
1106,RIVER HINDON AT MOHAN NAGAR D/S,CPCB,9,Uttar Pradesh,145,GHAZIABAD,GHAZIABAD,-,-,-,-,-,-,-,-,28.66441900,77.39953100,13-07-2021 08:30,31.5,"",1.7e+06,""
1107,RIVER HINDON AT MOHAN NAGAR D/S,CPCB,9,Uttar Pradesh,145,GHAZIABAD,GHAZIABAD,-,-,-,-,-,-,-,-,28.66441900,77.39953100,11-08-2021 08:30,17,"",210000,""
1108,RIVER HINDON AT MOHAN NAGAR D/S,CPCB,9,Uttar Pradesh,145,GHAZIABAD,GHAZIABAD,-,-,-,-,-,-,-,-,28.66441900,77.39953100,08-09-2021 08:30,19,"",280000,""
1109,RIVER HINDON AT MOHAN NAGAR D/S,CPCB,9,Uttar Pradesh,145,GHAZIABAD,GHAZIABAD,-,-,-,-,-,-,-,-,28.66441900,77.39953100,14-10-2021 08:30,21,"",220000,""
1110,RIVER HINDON AT MOHAN NAGAR D/S,CPCB,9,Uttar Pradesh,145,GHAZIABAD,GHAZIABAD,-,-,-,-,-,-,-,-,28.66441900,77.39953100,20-11-2021 08:30,27,"",280000,""
1111,RIVER HINDON AT MOHAN NAGAR D/S,CPCB,9,Uttar Pradesh,145,GHAZIABAD,GHAZIABAD,-,-,-,-,-,-,-,-,28.66441900,77.39953100,03-12-2021 08:30,29,"",150000,""
1112,RIVER HINDON AT MOHAN NAGAR U/S,CPCB,9,Uttar Pradesh,145,GHAZIABAD,GHAZIABAD,-,-,-,-,-,-,-,-,28.68532900,77.39246700,01-01-2021 08:30,25,"",1.7e+06,""
1113,RIVER HINDON AT MOHAN NAGAR U/S,CPCB,9,Uttar Pradesh,145,GHAZIABAD,GHAZIABAD,-,-,-,-,-,-,-,-,28.68532900,77.39246700,04-02-2021 08:30,27,"",170000,""
1114,RIVER HINDON AT MOHAN NAGAR U/S,CPCB,9,Uttar Pradesh,145,GHAZIABAD,GHAZIABAD,-,-,-,-,-,-,-,-,28.68532900,77.39246700,10-03-2021 08:30,25,"",220000,""
1115,RIVER HINDON AT MOHAN NAGAR U/S,CPCB,9,Uttar Pradesh,145,GHAZIABAD,GHAZIABAD,-,-,-,-,-,-,-,-,28.68532900,77.39246700,08-04-2021 08:30,20,"",140000,""
1116,RIVER HINDON AT MOHAN NAGAR U/S,CPCB,9,Uttar Pradesh,145,GHAZIABAD,GHAZIABAD,-,-,-,-,-,-,-,-,28.68532900,77.39246700,08-05-2021 08:30,20,"",210000,""
1117,RIVER HINDON AT MOHAN NAGAR U/S,CPCB,9,Uttar Pradesh,145,GHAZIABAD,GHAZIABAD,-,-,-,-,-,-,-,-,28.68532900,77.39246700,10-06-2021 08:30,22,"",130000,""
1118,RIVER HINDON AT MOHAN NAGAR U/S,CPCB,9,Uttar Pradesh,145,GHAZIABAD,GHAZIABAD,-,-,-,-,-,-,-,-,28.68532900,77.39246700,13-07-2021 08:30,25,"",110000,""
1119,RIVER HINDON AT MOHAN NAGAR U/S,CPCB,9,Uttar Pradesh,145,GHAZIABAD,GHAZIABAD,-,-,-,-,-,-,-,-,28.68532900,77.39246700,11-08-2021 08:30,11,"",130000,""
1120,RIVER HINDON AT MOHAN NAGAR U/S,CPCB,9,Uttar Pradesh,145,GHAZIABAD,GHAZIABAD,-,-,-,-,-,-,-,-,28.68532900,77.39246700,08-09-2021 08:30,12,"",220000,""
1121,RIVER HINDON AT MOHAN NAGAR U/S,CPCB,9,Uttar Pradesh,145,GHAZIABAD,GHAZIABAD,-,-,-,-,-,-,-,-,28.68532900,77.39246700,14-10-2021 08:30,16,"",140000,""
1122,RIVER HINDON AT MOHAN NAGAR U/S,CPCB,9,Uttar Pradesh,145,GHAZIABAD,GHAZIABAD,-,-,-,-,-,-,-,-,28.68532900,77.39246700,20-11-2021 08:30,14,"",120000,""
1123,RIVER HINDON AT MOHAN NAGAR U/S,CPCB,9,Uttar Pradesh,145,GHAZIABAD,GHAZIABAD,-,-,-,-,-,-,-,-,28.68532900,77.39246700,03-12-2021 08:30,21,"",120000,""
1124,RIVER HINDON AT SARDHANA BUDHANA ROAD VILLAGE BAPARSI MEERUT,CPCB,9,Uttar Pradesh,124,BAGHPAT,BAGHPAT,-,-,-,-,-,-,-,-,29.18616900,77.49411400,04-01-2021 08:30,46,"",120000,""
1125,RIVER HINDON AT SARDHANA BUDHANA ROAD VILLAGE BAPARSI MEERUT,CPCB,9,Uttar Pradesh,124,BAGHPAT,BAGHPAT,-,-,-,-,-,-,-,-,29.18616900,77.49411400,03-02-2021 08:30,64,"",120000,""
1126,RIVER HINDON AT SARDHANA BUDHANA ROAD VILLAGE BAPARSI MEERUT,CPCB,9,Uttar Pradesh,124,BAGHPAT,BAGHPAT,-,-,-,-,-,-,-,-,29.18616900,77.49411400,03-03-2021 08:30,66,"",98000,""
1127,RIVER HINDON AT SARDHANA BUDHANA ROAD VILLAGE BAPARSI MEERUT,CPCB,9,Uttar Pradesh,124,BAGHPAT,BAGHPAT,-,-,-,-,-,-,-,-,29.18616900,77.49411400,03-04-2021 08:30,68,"",100000,""
1128,RIVER HINDON AT SARDHANA BUDHANA ROAD VILLAGE BAPARSI MEERUT,CPCB,9,Uttar Pradesh,124,BAGHPAT,BAGHPAT,-,-,-,-,-,-,-,-,29.18616900,77.49411400,03-05-2021 08:30,66,"",91000,""
1129,RIVER HINDON AT SARDHANA BUDHANA ROAD VILLAGE BAPARSI MEERUT,CPCB,9,Uttar Pradesh,124,BAGHPAT,BAGHPAT,-,-,-,-,-,-,-,-,29.18616900,77.49411400,03-06-2021 08:30,68,"",92000,""
1130,RIVER HINDON AT SARDHANA BUDHANA ROAD VILLAGE BAPARSI MEERUT,CPCB,9,Uttar Pradesh,124,BAGHPAT,BAGHPAT,-,-,-,-,-,-,-,-,29.18616900,77.49411400,03-07-2021 08:30,64,"",94000,""
1131,RIVER HINDON AT SARDHANA BUDHANA ROAD VILLAGE BAPARSI MEERUT,CPCB,9,Uttar Pradesh,124,BAGHPAT,BAGHPAT,-,-,-,-,-,-,-,-,29.18616900,77.49411400,03-08-2021 08:30,62,"",84000,""
1132,RIVER HINDON AT SARDHANA BUDHANA ROAD VILLAGE BAPARSI MEERUT,CPCB,9,Uttar Pradesh,124,BAGHPAT,BAGHPAT,-,-,-,-,-,-,-,-,29.18616900,77.49411400,03-09-2021 08:30,64,"",84000,""
1133,RIVER HINDON AT SARDHANA BUDHANA ROAD VILLAGE BAPARSI MEERUT,CPCB,9,Uttar Pradesh,124,BAGHPAT,BAGHPAT,-,-,-,-,-,-,-,-,29.18616900,77.49411400,04-10-2021 08:30,58,"",94000,""
1134,RIVER HINDON AT SARDHANA BUDHANA ROAD VILLAGE BAPARSI MEERUT,CPCB,9,Uttar Pradesh,124,BAGHPAT,BAGHPAT,-,-,-,-,-,-,-,-,29.18616900,77.49411400,03-11-2021 08:30,54,"",84000,""
1135,RIVER HINDON AT SARDHANA BUDHANA ROAD VILLAGE BAPARSI MEERUT,CPCB,9,Uttar Pradesh,124,BAGHPAT,BAGHPAT,-,-,-,-,-,-,-,-,29.18616900,77.49411400,03-12-2021 08:30,55,"",79000,""
1136,RIVER KALI EAST AT KHARKHODA-PARIKSHIT GARH ROAD VILL. KOL MEERUT,CPCB,9,Uttar Pradesh,169,MEERUT,MEERUT,-,-,-,-,-,-,-,-,28.98085700,77.79042800,04-01-2021 08:30,48,"",100000,""
1137,RIVER KALI EAST AT KHARKHODA-PARIKSHIT GARH ROAD VILL. KOL MEERUT,CPCB,9,Uttar Pradesh,169,MEERUT,MEERUT,-,-,-,-,-,-,-,-,28.98085700,77.79042800,03-02-2021 08:30,52,"",120000,""
1138,RIVER KALI EAST AT KHARKHODA-PARIKSHIT GARH ROAD VILL. KOL MEERUT,CPCB,9,Uttar Pradesh,169,MEERUT,MEERUT,-,-,-,-,-,-,-,-,28.98085700,77.79042800,03-03-2021 08:30,54,"",120000,""
1139,RIVER KALI EAST AT KHARKHODA-PARIKSHIT GARH ROAD VILL. KOL MEERUT,CPCB,9,Uttar Pradesh,169,MEERUT,MEERUT,-,-,-,-,-,-,-,-,28.98085700,77.79042800,03-04-2021 08:30,56,"",130000,""
1140,RIVER KALI EAST AT KHARKHODA-PARIKSHIT GARH ROAD VILL. KOL MEERUT,CPCB,9,Uttar Pradesh,169,MEERUT,MEERUT,-,-,-,-,-,-,-,-,28.98085700,77.79042800,03-05-2021 08:30,52,"",120000,""
1141,RIVER KALI EAST AT KHARKHODA-PARIKSHIT GARH ROAD VILL. KOL MEERUT,CPCB,9,Uttar Pradesh,169,MEERUT,MEERUT,-,-,-,-,-,-,-,-,28.98085700,77.79042800,03-06-2021 08:30,54,"",130000,""
1142,RIVER KALI EAST AT KHARKHODA-PARIKSHIT GARH ROAD VILL. KOL MEERUT,CPCB,9,Uttar Pradesh,169,MEERUT,MEERUT,-,-,-,-,-,-,-,-,28.98085700,77.79042800,03-07-2021 08:30,58,"",140000,""
1143,RIVER KALI EAST AT KHARKHODA-PARIKSHIT GARH ROAD VILL. KOL MEERUT,CPCB,9,Uttar Pradesh,169,MEERUT,MEERUT,-,-,-,-,-,-,-,-,28.98085700,77.79042800,03-08-2021 08:30,56,"",120000,""
1144,RIVER KALI EAST AT KHARKHODA-PARIKSHIT GARH ROAD VILL. KOL MEERUT,CPCB,9,Uttar Pradesh,169,MEERUT,MEERUT,-,-,-,-,-,-,-,-,28.98085700,77.79042800,03-09-2021 08:30,62,"",120000,""
1145,RIVER KALI EAST AT KHARKHODA-PARIKSHIT GARH ROAD VILL. KOL MEERUT,CPCB,9,Uttar Pradesh,169,MEERUT,MEERUT,-,-,-,-,-,-,-,-,28.98085700,77.79042800,04-10-2021 08:30,62,"",140000,""
1146,RIVER KALI EAST AT KHARKHODA-PARIKSHIT GARH ROAD VILL. KOL MEERUT,CPCB,9,Uttar Pradesh,169,MEERUT,MEERUT,-,-,-,-,-,-,-,-,28.98085700,77.79042800,03-11-2021 08:30,60,"",130000,""
1147,RIVER KALI EAST AT KHARKHODA-PARIKSHIT GARH ROAD VILL. KOL MEERUT,CPCB,9,Uttar Pradesh,169,MEERUT,MEERUT,-,-,-,-,-,-,-,-,28.98085700,77.79042800,03-12-2021 08:30,62,"",120000,""
1148,RIVER RAPTI AT RAJGHAT GORAKHPUR,CPCB,9,Uttar Pradesh,148,GORAKHPUR,Gorakhpur,-,-,-,-,-,-,-,-,26.73317400,83.34789400,05-01-2021 08:30,5.8,"",33000,""
1149,RIVER RAPTI AT RAJGHAT GORAKHPUR,CPCB,9,Uttar Pradesh,148,GORAKHPUR,Gorakhpur,-,-,-,-,-,-,-,-,26.73317400,83.34789400,01-02-2021 08:30,5.6,"",32000,""
1150,RIVER RAPTI AT RAJGHAT GORAKHPUR,CPCB,9,Uttar Pradesh,148,GORAKHPUR,Gorakhpur,-,-,-,-,-,-,-,-,26.73317400,83.34789400,15-03-2021 08:30,5.8,"",35000,""
1151,RIVER RAPTI AT RAJGHAT GORAKHPUR,CPCB,9,Uttar Pradesh,148,GORAKHPUR,Gorakhpur,-,-,-,-,-,-,-,-,26.73317400,83.34789400,01-04-2021 08:30,5.8,"",36000,""
1152,RIVER RAPTI AT RAJGHAT GORAKHPUR,CPCB,9,Uttar Pradesh,148,GORAKHPUR,Gorakhpur,-,-,-,-,-,-,-,-,26.73317400,83.34789400,03-06-2021 08:30,5.4,"",30000,""
1153,RIVER RAPTI AT RAJGHAT GORAKHPUR,CPCB,9,Uttar Pradesh,148,GORAKHPUR,Gorakhpur,-,-,-,-,-,-,-,-,26.73317400,83.34789400,02-08-2021 08:30,5,"",26000,""
1154,RIVER RAPTI AT RAJGHAT GORAKHPUR,CPCB,9,Uttar Pradesh,148,GORAKHPUR,Gorakhpur,-,-,-,-,-,-,-,-,26.73317400,83.34789400,01-09-2021 08:30,5.2,"",24000,""
1155,RIVER RAPTI AT RAJGHAT GORAKHPUR,CPCB,9,Uttar Pradesh,148,GORAKHPUR,Gorakhpur,-,-,-,-,-,-,-,-,26.73317400,83.34789400,06-10-2021 08:30,5.4,"",26000,""
1156,RIVER RAPTI AT RAJGHAT GORAKHPUR,CPCB,9,Uttar Pradesh,148,GORAKHPUR,Gorakhpur,-,-,-,-,-,-,-,-,26.73317400,83.34789400,01-11-2021 08:30,5.6,"",28000,""
1157,RIVER RAPTI AT RAJGHAT GORAKHPUR,CPCB,9,Uttar Pradesh,148,GORAKHPUR,Gorakhpur,-,-,-,-,-,-,-,-,26.73317400,83.34789400,04-12-2021 08:30,5.4,"",26000,""
1158,RIVER SAI AT JALALPUR JAUNPUR,CPCB,9,Uttar Pradesh,152,JAUNPUR,Jaunpur ,-,-,-,-,-,-,-,-,25.62992200,82.75620800,03-01-2021 08:30,3.4,"",8000,""
1159,RIVER SAI AT JALALPUR JAUNPUR,CPCB,9,Uttar Pradesh,152,JAUNPUR,Jaunpur ,-,-,-,-,-,-,-,-,25.62992200,82.75620800,03-02-2021 08:30,3.3,"",5000,""
1160,RIVER SAI AT JALALPUR JAUNPUR,CPCB,9,Uttar Pradesh,152,JAUNPUR,Jaunpur ,-,-,-,-,-,-,-,-,25.62992200,82.75620800,03-03-2021 08:30,3.6,"",8000,""
1161,RIVER SAI AT JALALPUR JAUNPUR,CPCB,9,Uttar Pradesh,152,JAUNPUR,Jaunpur ,-,-,-,-,-,-,-,-,25.62992200,82.75620800,03-04-2021 08:30,3.8,"",8000,""
1162,RIVER SAI AT JALALPUR JAUNPUR,CPCB,9,Uttar Pradesh,152,JAUNPUR,Jaunpur ,-,-,-,-,-,-,-,-,25.62992200,82.75620800,03-05-2021 08:30,3.8,"",5000,""
1163,RIVER SAI AT JALALPUR JAUNPUR,CPCB,9,Uttar Pradesh,152,JAUNPUR,Jaunpur ,-,-,-,-,-,-,-,-,25.62992200,82.75620800,03-06-2021 08:30,3.7,"",8000,""
1164,RIVER SAI AT JALALPUR JAUNPUR,CPCB,9,Uttar Pradesh,152,JAUNPUR,Jaunpur ,-,-,-,-,-,-,-,-,25.62992200,82.75620800,02-07-2021 08:30,3.5,"",5000,""
1165,RIVER SAI AT JALALPUR JAUNPUR,CPCB,9,Uttar Pradesh,152,JAUNPUR,Jaunpur ,-,-,-,-,-,-,-,-,25.62992200,82.75620800,03-08-2021 08:30,4.2,"",5000,""
1166,RIVER SAI AT JALALPUR JAUNPUR,CPCB,9,Uttar Pradesh,152,JAUNPUR,Jaunpur ,-,-,-,-,-,-,-,-,25.62992200,82.75620800,03-09-2021 08:30,3.4,"",5000,""
1167,RIVER SAI AT JALALPUR JAUNPUR,CPCB,9,Uttar Pradesh,152,JAUNPUR,Jaunpur ,-,-,-,-,-,-,-,-,25.62992200,82.75620800,05-10-2021 08:30,3.4,"",8000,""
1168,RIVER SAI AT JALALPUR JAUNPUR,CPCB,9,Uttar Pradesh,152,JAUNPUR,Jaunpur ,-,-,-,-,-,-,-,-,25.62992200,82.75620800,03-11-2021 08:30,3.3,"",5000,""
1169,RIVER SAI AT JALALPUR JAUNPUR,CPCB,9,Uttar Pradesh,152,JAUNPUR,Jaunpur ,-,-,-,-,-,-,-,-,25.62992200,82.75620800,03-12-2021 08:30,2.8,"",5000,""
1170,RIVER VARUNA AT RAMESHWAR VARANASI,CPCB,9,Uttar Pradesh,187,VARANASI,VARANASI,-,-,-,-,-,-,-,-,25.38671700,82.85262800,02-01-2021 08:30,3.3,"",1700,""
1171,RIVER VARUNA AT RAMESHWAR VARANASI,CPCB,9,Uttar Pradesh,187,VARANASI,VARANASI,-,-,-,-,-,-,-,-,25.38671700,82.85262800,02-02-2021 08:30,2.8,"",1300,""
1172,RIVER VARUNA AT RAMESHWAR VARANASI,CPCB,9,Uttar Pradesh,187,VARANASI,VARANASI,-,-,-,-,-,-,-,-,25.38671700,82.85262800,03-03-2021 08:30,3.1,"",1700,""
1173,RIVER VARUNA AT RAMESHWAR VARANASI,CPCB,9,Uttar Pradesh,187,VARANASI,VARANASI,-,-,-,-,-,-,-,-,25.38671700,82.85262800,03-04-2021 08:30,3.2,"",1400,""
1174,RIVER VARUNA AT RAMESHWAR VARANASI,CPCB,9,Uttar Pradesh,187,VARANASI,VARANASI,-,-,-,-,-,-,-,-,25.38671700,82.85262800,04-05-2021 08:30,3.3,"",1700,""
1175,RIVER VARUNA AT RAMESHWAR VARANASI,CPCB,9,Uttar Pradesh,187,VARANASI,VARANASI,-,-,-,-,-,-,-,-,25.38671700,82.85262800,03-06-2021 08:30,3.2,"",1100,""
1176,RIVER VARUNA AT RAMESHWAR VARANASI,CPCB,9,Uttar Pradesh,187,VARANASI,VARANASI,-,-,-,-,-,-,-,-,25.38671700,82.85262800,02-07-2021 08:30,3.5,"",800,""
1177,RIVER VARUNA AT RAMESHWAR VARANASI,CPCB,9,Uttar Pradesh,187,VARANASI,VARANASI,-,-,-,-,-,-,-,-,25.38671700,82.85262800,02-08-2021 08:30,3.3,"",1700,""
1178,RIVER VARUNA AT RAMESHWAR VARANASI,CPCB,9,Uttar Pradesh,187,VARANASI,VARANASI,-,-,-,-,-,-,-,-,25.38671700,82.85262800,03-09-2021 08:30,2.7,"",1400,""
1179,RIVER VARUNA AT RAMESHWAR VARANASI,CPCB,9,Uttar Pradesh,187,VARANASI,VARANASI,-,-,-,-,-,-,-,-,25.38671700,82.85262800,05-10-2021 08:30,2.9,"",1100,""
1180,RIVER VARUNA AT RAMESHWAR VARANASI,CPCB,9,Uttar Pradesh,187,VARANASI,VARANASI,-,-,-,-,-,-,-,-,25.38671700,82.85262800,02-11-2021 08:30,2.7,"",1300,""
1181,RIVER VARUNA AT RAMESHWAR VARANASI,CPCB,9,Uttar Pradesh,187,VARANASI,VARANASI,-,-,-,-,-,-,-,-,25.38671700,82.85262800,03-12-2021 08:30,2.4,"",1700,""
1182,RIVER VARUNA B/C WITH RIVER GANGA AT VARANASI,CPCB,9,Uttar Pradesh,187,VARANASI,VARANASI,-,-,-,-,-,-,-,-,25.33295600,83.04339300,02-01-2021 08:30,12.4,"",46000,""
1183,RIVER VARUNA B/C WITH RIVER GANGA AT VARANASI,CPCB,9,Uttar Pradesh,187,VARANASI,VARANASI,-,-,-,-,-,-,-,-,25.33295600,83.04339300,02-02-2021 08:30,7.2,"",31000,""
1184,RIVER VARUNA B/C WITH RIVER GANGA AT VARANASI,CPCB,9,Uttar Pradesh,187,VARANASI,VARANASI,-,-,-,-,-,-,-,-,25.33295600,83.04339300,03-03-2021 08:30,9.6,"",33000,""
1185,RIVER VARUNA B/C WITH RIVER GANGA AT VARANASI,CPCB,9,Uttar Pradesh,187,VARANASI,VARANASI,-,-,-,-,-,-,-,-,25.33295600,83.04339300,03-04-2021 08:30,11.2,"",23000,""
1186,RIVER VARUNA B/C WITH RIVER GANGA AT VARANASI,CPCB,9,Uttar Pradesh,187,VARANASI,VARANASI,-,-,-,-,-,-,-,-,25.33295600,83.04339300,04-05-2021 08:30,11.6,"",33000,""
1187,RIVER VARUNA B/C WITH RIVER GANGA AT VARANASI,CPCB,9,Uttar Pradesh,187,VARANASI,VARANASI,-,-,-,-,-,-,-,-,25.33295600,83.04339300,03-06-2021 08:30,12.8,"",31000,""
1188,RIVER VARUNA B/C WITH RIVER GANGA AT VARANASI,CPCB,9,Uttar Pradesh,187,VARANASI,VARANASI,-,-,-,-,-,-,-,-,25.33295600,83.04339300,02-07-2021 08:30,11.2,"",22000,""
1189,RIVER VARUNA B/C WITH RIVER GANGA AT VARANASI,CPCB,9,Uttar Pradesh,187,VARANASI,VARANASI,-,-,-,-,-,-,-,-,25.33295600,83.04339300,02-08-2021 08:30,7.2,"",17000,""
1190,RIVER VARUNA B/C WITH RIVER GANGA AT VARANASI,CPCB,9,Uttar Pradesh,187,VARANASI,VARANASI,-,-,-,-,-,-,-,-,25.33295600,83.04339300,03-09-2021 08:30,7.2,"",23000,""
1191,RIVER VARUNA B/C WITH RIVER GANGA AT VARANASI,CPCB,9,Uttar Pradesh,187,VARANASI,VARANASI,-,-,-,-,-,-,-,-,25.33295600,83.04339300,05-10-2021 08:30,6.8,"",22000,""
1192,RIVER VARUNA B/C WITH RIVER GANGA AT VARANASI,CPCB,9,Uttar Pradesh,187,VARANASI,VARANASI,-,-,-,-,-,-,-,-,25.33295600,83.04339300,02-11-2021 08:30,7.1,"",23000,""
1193,RIVER VARUNA B/C WITH RIVER GANGA AT VARANASI,CPCB,9,Uttar Pradesh,187,VARANASI,VARANASI,-,-,-,-,-,-,-,-,25.33295600,83.04339300,03-12-2021 08:30,7.8,"",23000,""
1194,"RIVER YAMUNA AT D/S OF AGRA, U.P.",CPCB,9,Uttar Pradesh,118,AGRA,-,-,-,-,-,-,-,-,-,27.17969000,78.11955500,13-01-2021 08:30,7.2,"",4500,""
1195,"RIVER YAMUNA AT D/S OF AGRA, U.P.",CPCB,9,Uttar Pradesh,118,AGRA,-,-,-,-,-,-,-,-,-,27.17969000,78.11955500,15-02-2021 08:30,16,"",240000,""
1196,"RIVER YAMUNA AT D/S OF AGRA, U.P.",CPCB,9,Uttar Pradesh,118,AGRA,-,-,-,-,-,-,-,-,-,27.17969000,78.11955500,08-03-2021 08:30,25,"",70000,""
1197,"RIVER YAMUNA AT D/S OF AGRA, U.P.",CPCB,9,Uttar Pradesh,118,AGRA,-,-,-,-,-,-,-,-,-,27.17969000,78.11955500,31-05-2021 08:30,34,"",33000,""
1198,"RIVER YAMUNA AT D/S OF AGRA, U.P.",CPCB,9,Uttar Pradesh,118,AGRA,-,-,-,-,-,-,-,-,-,27.17969000,78.11955500,30-06-2021 08:30,24,"",4500,""
1199,"RIVER YAMUNA AT D/S OF AGRA, U.P.",CPCB,9,Uttar Pradesh,118,AGRA,-,-,-,-,-,-,-,-,-,27.17969000,78.11955500,19-07-2021 08:30,10,"",110000,""
1200,"RIVER YAMUNA AT D/S OF AGRA, U.P.",CPCB,9,Uttar Pradesh,118,AGRA,-,-,-,-,-,-,-,-,-,27.17969000,78.11955500,25-08-2021 08:30,15.2,"",31000,""
1201,"RIVER YAMUNA AT D/S OF AGRA, U.P.",CPCB,9,Uttar Pradesh,118,AGRA,-,-,-,-,-,-,-,-,-,27.17969000,78.11955500,08-09-2021 08:30,10.4,"",15000,""
1202,"RIVER YAMUNA AT D/S OF AGRA, U.P.",CPCB,9,Uttar Pradesh,118,AGRA,-,-,-,-,-,-,-,-,-,27.17969000,78.11955500,08-10-2021 08:30,12.8,"",28000,""
1203,"RIVER YAMUNA AT D/S OF AGRA, U.P.",CPCB,9,Uttar Pradesh,118,AGRA,-,-,-,-,-,-,-,-,-,27.17969000,78.11955500,12-11-2021 08:30,12.4,"",28000,""
1204,"RIVER YAMUNA AT D/S OF AGRA, U.P.",CPCB,9,Uttar Pradesh,118,AGRA,-,-,-,-,-,-,-,-,-,27.17969000,78.11955500,08-12-2021 08:30,10.4,"",40000,""
1205,RIVER YAMUNA AT ETAWAH D/S,CPCB,9,Uttar Pradesh,139,ETAWAH,CHAKARNAGAR,-,-,-,-,-,-,-,-,26.60153100,79.11990700,19-01-2021 08:30,18.4,"",30000,""
1206,RIVER YAMUNA AT ETAWAH D/S,CPCB,9,Uttar Pradesh,139,ETAWAH,CHAKARNAGAR,-,-,-,-,-,-,-,-,26.60153100,79.11990700,16-02-2021 08:30,20.8,"",28000,""
1207,RIVER YAMUNA AT ETAWAH D/S,CPCB,9,Uttar Pradesh,139,ETAWAH,CHAKARNAGAR,-,-,-,-,-,-,-,-,26.60153100,79.11990700,15-03-2021 08:30,21,"",31000,""
1208,RIVER YAMUNA AT ETAWAH D/S,CPCB,9,Uttar Pradesh,139,ETAWAH,CHAKARNAGAR,-,-,-,-,-,-,-,-,26.60153100,79.11990700,22-04-2021 08:30,22.4,"",31000,""
1209,RIVER YAMUNA AT ETAWAH D/S,CPCB,9,Uttar Pradesh,139,ETAWAH,CHAKARNAGAR,-,-,-,-,-,-,-,-,26.60153100,79.11990700,18-05-2021 08:30,20.4,"",28000,""
1210,RIVER YAMUNA AT ETAWAH D/S,CPCB,9,Uttar Pradesh,139,ETAWAH,CHAKARNAGAR,-,-,-,-,-,-,-,-,26.60153100,79.11990700,18-06-2021 08:30,19.2,"",27000,""
1211,RIVER YAMUNA AT ETAWAH D/S,CPCB,9,Uttar Pradesh,139,ETAWAH,CHAKARNAGAR,-,-,-,-,-,-,-,-,26.60153100,79.11990700,06-07-2021 08:30,20,"",28000,""
1212,RIVER YAMUNA AT ETAWAH D/S,CPCB,9,Uttar Pradesh,139,ETAWAH,CHAKARNAGAR,-,-,-,-,-,-,-,-,26.60153100,79.11990700,19-08-2021 08:30,10.8,"",13000,""
1213,RIVER YAMUNA AT ETAWAH D/S,CPCB,9,Uttar Pradesh,139,ETAWAH,CHAKARNAGAR,-,-,-,-,-,-,-,-,26.60153100,79.11990700,03-09-2021 08:30,12.4,"",17000,""
1214,RIVER YAMUNA AT ETAWAH D/S,CPCB,9,Uttar Pradesh,139,ETAWAH,CHAKARNAGAR,-,-,-,-,-,-,-,-,26.60153100,79.11990700,12-10-2021 08:30,11.2,"",17000,""
1215,RIVER YAMUNA AT ETAWAH D/S,CPCB,9,Uttar Pradesh,139,ETAWAH,CHAKARNAGAR,-,-,-,-,-,-,-,-,26.60153100,79.11990700,16-11-2021 08:30,16.4,"",21000,""
1216,RIVER YAMUNA AT ETAWAH D/S,CPCB,9,Uttar Pradesh,139,ETAWAH,CHAKARNAGAR,-,-,-,-,-,-,-,-,26.60153100,79.11990700,07-12-2021 08:30,15.6,"",23000,""
1217,RIVER YAMUNA AT PALLASONEPAT,CPCB,9,Uttar Pradesh,124,BAGHPAT,BAGHPAT,-,-,-,-,-,-,-,-,28.86186200,77.20731600,12-08-2021 08:30,3.8,"",22100,""
1218,RIVER YAMUNA AT PALLASONEPAT,CPCB,9,Uttar Pradesh,124,BAGHPAT,BAGHPAT,-,-,-,-,-,-,-,-,28.86186200,77.20731600,05-10-2021 08:30,2.4,"",4900,""
1219,RIVER YAMUNA AT PALLASONEPAT,CPCB,9,Uttar Pradesh,124,BAGHPAT,BAGHPAT,-,-,-,-,-,-,-,-,28.86186200,77.20731600,10-11-2021 08:30,3.2,"",100,""
1220,RIVER YAMUNA AT PALLASONEPAT,CPCB,9,Uttar Pradesh,124,BAGHPAT,BAGHPAT,-,-,-,-,-,-,-,-,28.86186200,77.20731600,10-12-2021 08:30,4.8,"",1700,""
1221,RIVER YAMUNA AT UDI,CPCB,9,Uttar Pradesh,139,ETAWAH,Etawah,-,-,-,-,-,-,-,-,26.71452400,79.01488500,19-01-2021 08:30,16,"",20000,""
1222,RIVER YAMUNA AT UDI,CPCB,9,Uttar Pradesh,139,ETAWAH,Etawah,-,-,-,-,-,-,-,-,26.71452400,79.01488500,16-02-2021 08:30,16.8,"",20000,""
1223,RIVER YAMUNA AT UDI,CPCB,9,Uttar Pradesh,139,ETAWAH,Etawah,-,-,-,-,-,-,-,-,26.71452400,79.01488500,15-03-2021 08:30,17.2,"",22000,""
1224,RIVER YAMUNA AT UDI,CPCB,9,Uttar Pradesh,139,ETAWAH,Etawah,-,-,-,-,-,-,-,-,26.71452400,79.01488500,22-04-2021 08:30,20,"",22000,""
1225,RIVER YAMUNA AT UDI,CPCB,9,Uttar Pradesh,139,ETAWAH,Etawah,-,-,-,-,-,-,-,-,26.71452400,79.01488500,18-05-2021 08:30,18,"",21000,""
1226,RIVER YAMUNA AT UDI,CPCB,9,Uttar Pradesh,139,ETAWAH,Etawah,-,-,-,-,-,-,-,-,26.71452400,79.01488500,18-06-2021 08:30,17.2,"",21000,""
1227,RIVER YAMUNA AT UDI,CPCB,9,Uttar Pradesh,139,ETAWAH,Etawah,-,-,-,-,-,-,-,-,26.71452400,79.01488500,06-07-2021 08:30,17.6,"",22000,""
1228,RIVER YAMUNA AT UDI,CPCB,9,Uttar Pradesh,139,ETAWAH,Etawah,-,-,-,-,-,-,-,-,26.71452400,79.01488500,19-08-2021 08:30,9.6,"",11000,""
1229,RIVER YAMUNA AT UDI,CPCB,9,Uttar Pradesh,139,ETAWAH,Etawah,-,-,-,-,-,-,-,-,26.71452400,79.01488500,03-09-2021 08:30,11.2,"",14000,""
1230,RIVER YAMUNA AT UDI,CPCB,9,Uttar Pradesh,139,ETAWAH,Etawah,-,-,-,-,-,-,-,-,26.71452400,79.01488500,12-10-2021 08:30,9.2,"",13000,""
1231,RIVER YAMUNA AT UDI,CPCB,9,Uttar Pradesh,139,ETAWAH,Etawah,-,-,-,-,-,-,-,-,26.71452400,79.01488500,16-11-2021 08:30,12.8,"",14000,""
1232,RIVER YAMUNA AT UDI,CPCB,9,Uttar Pradesh,139,ETAWAH,Etawah,-,-,-,-,-,-,-,-,26.71452400,79.01488500,07-12-2021 08:30,12.8,"",14000,""
1233,SAI AT UNNAO AFTER DRAIN OUTFALL U.P.,CPCB,9,Uttar Pradesh,162,LUCKNOW,Lucknow,-,-,-,-,-,-,-,-,26.64997900,80.79385400,14-01-2021 08:30,2.8,"",3900,""
1234,SAI AT UNNAO AFTER DRAIN OUTFALL U.P.,CPCB,9,Uttar Pradesh,162,LUCKNOW,Lucknow,-,-,-,-,-,-,-,-,26.64997900,80.79385400,11-02-2021 08:30,2.7,"",3500,""
1235,SAI AT UNNAO AFTER DRAIN OUTFALL U.P.,CPCB,9,Uttar Pradesh,162,LUCKNOW,Lucknow,-,-,-,-,-,-,-,-,26.64997900,80.79385400,11-03-2021 08:30,2.4,"",3400,""
1236,SAI AT UNNAO AFTER DRAIN OUTFALL U.P.,CPCB,9,Uttar Pradesh,162,LUCKNOW,Lucknow,-,-,-,-,-,-,-,-,26.64997900,80.79385400,09-04-2021 08:30,2.9,"",4100,""
1237,SAI AT UNNAO AFTER DRAIN OUTFALL U.P.,CPCB,9,Uttar Pradesh,162,LUCKNOW,Lucknow,-,-,-,-,-,-,-,-,26.64997900,80.79385400,22-05-2021 08:30,3.2,"",3900,""
1238,SAI AT UNNAO AFTER DRAIN OUTFALL U.P.,CPCB,9,Uttar Pradesh,162,LUCKNOW,Lucknow,-,-,-,-,-,-,-,-,26.64997900,80.79385400,09-06-2021 08:30,3.1,"","",""
1239,SAI AT UNNAO AFTER DRAIN OUTFALL U.P.,CPCB,9,Uttar Pradesh,162,LUCKNOW,Lucknow,-,-,-,-,-,-,-,-,26.64997900,80.79385400,07-07-2021 08:30,3.2,"",3600,""
1240,SAI AT UNNAO AFTER DRAIN OUTFALL U.P.,CPCB,9,Uttar Pradesh,162,LUCKNOW,Lucknow,-,-,-,-,-,-,-,-,26.64997900,80.79385400,17-08-2021 08:30,3.2,"",1700,""
1241,SAI AT UNNAO AFTER DRAIN OUTFALL U.P.,CPCB,9,Uttar Pradesh,162,LUCKNOW,Lucknow,-,-,-,-,-,-,-,-,26.64997900,80.79385400,10-09-2021 08:30,"","",1700,""
1242,SAI AT UNNAO AFTER DRAIN OUTFALL U.P.,CPCB,9,Uttar Pradesh,162,LUCKNOW,Lucknow,-,-,-,-,-,-,-,-,26.64997900,80.79385400,13-10-2021 08:30,"","",1700,""
1243,SAI AT UNNAO AFTER DRAIN OUTFALL U.P.,CPCB,9,Uttar Pradesh,162,LUCKNOW,Lucknow,-,-,-,-,-,-,-,-,26.64997900,80.79385400,08-11-2021 08:30,"","",2100,""
1244,SAI AT UNNAO AFTER DRAIN OUTFALL U.P.,CPCB,9,Uttar Pradesh,162,LUCKNOW,Lucknow,-,-,-,-,-,-,-,-,26.64997900,80.79385400,08-12-2021 08:30,3.2,"",1700,""
1245,SAMARPUR JHEEL RAEBARELI,CPCB,9,Uttar Pradesh,175,Raibareli,Raibareli,-,-,-,-,-,-,-,-,26.23000000,81.25000000,06-04-2021 08:30,4.7,"","",7000
1246,SAMARPUR JHEEL RAEBARELI,CPCB,9,Uttar Pradesh,175,Raibareli,Raibareli,-,-,-,-,-,-,-,-,26.23000000,81.25000000,06-05-2021 08:30,4.8,"","",7000
1247,SAMARPUR JHEEL RAEBARELI,CPCB,9,Uttar Pradesh,175,Raibareli,Raibareli,-,-,-,-,-,-,-,-,26.23000000,81.25000000,04-06-2021 08:30,5,"","",6300
1248,SAMARPUR JHEEL RAEBARELI,CPCB,9,Uttar Pradesh,175,Raibareli,Raibareli,-,-,-,-,-,-,-,-,26.23000000,81.25000000,06-07-2021 08:30,4.9,"","",7000
1249,SAMARPUR JHEEL RAEBARELI,CPCB,9,Uttar Pradesh,175,Raibareli,Raibareli,-,-,-,-,-,-,-,-,26.23000000,81.25000000,05-08-2021 08:30,4.6,"","",6900
1250,SAMARPUR JHEEL RAEBARELI,CPCB,9,Uttar Pradesh,175,Raibareli,Raibareli,-,-,-,-,-,-,-,-,26.23000000,81.25000000,07-09-2021 08:30,4.5,"","",6300
1251,SAMARPUR JHEEL RAEBARELI,CPCB,9,Uttar Pradesh,175,Raibareli,Raibareli,-,-,-,-,-,-,-,-,26.23000000,81.25000000,08-10-2021 08:30,4.6,"","",6300
1252,SAMARPUR JHEEL RAEBARELI,CPCB,9,Uttar Pradesh,175,Raibareli,Raibareli,-,-,-,-,-,-,-,-,26.23000000,81.25000000,08-11-2021 08:30,4.5,"","",6300
1253,SAMARPUR JHEEL RAEBARELI,CPCB,9,Uttar Pradesh,175,Raibareli,Raibareli,-,-,-,-,-,-,-,-,26.23000000,81.25000000,03-12-2021 08:30,4.2,"","",7000
1254,"SHUKRA TAL GHAT (CONFLUENCE OF BAANGANGA AND SALONI RIVER), MUZAFFARNAGAR,",CPCB,9,Uttar Pradesh,172,MUZAFFARNAGAR,-,-,-,-,-,-,-,-,-,29.49046800,77.99101800,04-01-2021 08:30,1.9,"","",""
1255,"SHUKRA TAL GHAT (CONFLUENCE OF BAANGANGA AND SALONI RIVER), MUZAFFARNAGAR,",CPCB,9,Uttar Pradesh,172,MUZAFFARNAGAR,-,-,-,-,-,-,-,-,-,29.49046800,77.99101800,08-02-2021 08:30,2,"","",""
1256,"SHUKRA TAL GHAT (CONFLUENCE OF BAANGANGA AND SALONI RIVER), MUZAFFARNAGAR,",CPCB,9,Uttar Pradesh,172,MUZAFFARNAGAR,-,-,-,-,-,-,-,-,-,29.49046800,77.99101800,08-03-2021 08:30,1.8,"","",""
1257,"SHUKRA TAL GHAT (CONFLUENCE OF BAANGANGA AND SALONI RIVER), MUZAFFARNAGAR,",CPCB,9,Uttar Pradesh,172,MUZAFFARNAGAR,-,-,-,-,-,-,-,-,-,29.49046800,77.99101800,05-04-2021 08:30,2,"","",""
1258,"SHUKRA TAL GHAT (CONFLUENCE OF BAANGANGA AND SALONI RIVER), MUZAFFARNAGAR,",CPCB,9,Uttar Pradesh,172,MUZAFFARNAGAR,-,-,-,-,-,-,-,-,-,29.49046800,77.99101800,10-05-2021 08:30,2,"","",""
1259,"SHUKRA TAL GHAT (CONFLUENCE OF BAANGANGA AND SALONI RIVER), MUZAFFARNAGAR,",CPCB,9,Uttar Pradesh,172,MUZAFFARNAGAR,-,-,-,-,-,-,-,-,-,29.49046800,77.99101800,07-06-2021 08:30,2,"","",""
1260,"SHUKRA TAL GHAT (CONFLUENCE OF BAANGANGA AND SALONI RIVER), MUZAFFARNAGAR,",CPCB,9,Uttar Pradesh,172,MUZAFFARNAGAR,-,-,-,-,-,-,-,-,-,29.49046800,77.99101800,06-07-2021 08:30,2,"","",""
1261,"SHUKRA TAL GHAT (CONFLUENCE OF BAANGANGA AND SALONI RIVER), MUZAFFARNAGAR,",CPCB,9,Uttar Pradesh,172,MUZAFFARNAGAR,-,-,-,-,-,-,-,-,-,29.49046800,77.99101800,03-08-2021 08:30,2,"","",""
1262,"SHUKRA TAL GHAT (CONFLUENCE OF BAANGANGA AND SALONI RIVER), MUZAFFARNAGAR,",CPCB,9,Uttar Pradesh,172,MUZAFFARNAGAR,-,-,-,-,-,-,-,-,-,29.49046800,77.99101800,28-09-2021 08:30,2,"","",""
1263,"SHUKRA TAL GHAT (CONFLUENCE OF BAANGANGA AND SALONI RIVER), MUZAFFARNAGAR,",CPCB,9,Uttar Pradesh,172,MUZAFFARNAGAR,-,-,-,-,-,-,-,-,-,29.49046800,77.99101800,05-10-2021 08:30,2,"","",""
1264,"SHUKRA TAL GHAT (CONFLUENCE OF BAANGANGA AND SALONI RIVER), MUZAFFARNAGAR,",CPCB,9,Uttar Pradesh,172,MUZAFFARNAGAR,-,-,-,-,-,-,-,-,-,29.49046800,77.99101800,02-11-2021 08:30,2,"","",""
1265,"SHUKRA TAL GHAT (CONFLUENCE OF BAANGANGA AND SALONI RIVER), MUZAFFARNAGAR,",CPCB,9,Uttar Pradesh,172,MUZAFFARNAGAR,-,-,-,-,-,-,-,-,-,29.49046800,77.99101800,27-12-2021 08:30,2,"","",""
1266,SONE U/S TO RIHAND CHOPAN (U.P.),CPCB,9,Uttar Pradesh,184,SONBHADRA,ROBERTSGANJ,-,-,-,-,-,-,-,-,24.53494000,83.02004200,03-03-2021 08:30,2.8,"",300,""
1267,SONE U/S TO RIHAND CHOPAN (U.P.),CPCB,9,Uttar Pradesh,184,SONBHADRA,ROBERTSGANJ,-,-,-,-,-,-,-,-,24.53494000,83.02004200,10-08-2021 08:30,3,"",2000,""
1268,SONE U/S TO RIHAND CHOPAN (U.P.),CPCB,9,Uttar Pradesh,184,SONBHADRA,ROBERTSGANJ,-,-,-,-,-,-,-,-,24.53494000,83.02004200,16-11-2021 08:30,2.5,"",2000,""
1269,TONS AT CHAKGHAT M.P.,CPCB,9,Uttar Pradesh,120,Allahabad,Allahabad,-,-,-,-,-,-,-,-,25.04308300,81.72100400,04-01-2021 08:30,2,"",2,""
1270,TONS AT CHAKGHAT M.P.,CPCB,9,Uttar Pradesh,120,Allahabad,Allahabad,-,-,-,-,-,-,-,-,25.04308300,81.72100400,12-04-2021 08:30,1.6,"",2,""
1271,TONS AT CHAKGHAT M.P.,CPCB,9,Uttar Pradesh,120,Allahabad,Allahabad,-,-,-,-,-,-,-,-,25.04308300,81.72100400,11-05-2021 08:30,1.1,"","",""
1272,TONS AT CHAKGHAT M.P.,CPCB,9,Uttar Pradesh,120,Allahabad,Allahabad,-,-,-,-,-,-,-,-,25.04308300,81.72100400,07-06-2021 08:30,1.5,"",2,""
1273,TONS AT CHAKGHAT M.P.,CPCB,9,Uttar Pradesh,120,Allahabad,Allahabad,-,-,-,-,-,-,-,-,25.04308300,81.72100400,06-07-2021 08:30,1.8,"","",""
1274,TONS AT CHAKGHAT M.P.,CPCB,9,Uttar Pradesh,120,Allahabad,Allahabad,-,-,-,-,-,-,-,-,25.04308300,81.72100400,10-08-2021 08:30,2,"",2,""
1275,TONS AT CHAKGHAT M.P.,CPCB,9,Uttar Pradesh,120,Allahabad,Allahabad,-,-,-,-,-,-,-,-,25.04308300,81.72100400,06-09-2021 08:30,1.6,"",2,""
1276,TONS AT CHAKGHAT M.P.,CPCB,9,Uttar Pradesh,120,Allahabad,Allahabad,-,-,-,-,-,-,-,-,25.04308300,81.72100400,04-10-2021 08:30,1.7,"","",""
1277,TONS AT CHAKGHAT M.P.,CPCB,9,Uttar Pradesh,120,Allahabad,Allahabad,-,-,-,-,-,-,-,-,25.04308300,81.72100400,09-11-2021 08:30,1.9,"","",""
1278,TUBE WELL IN INDUSTRIAL AREA AT GAJRAULA MORADABAD U.P,CPCB,9,Uttar Pradesh,154,JYOTIBA PHULE NAGAR,DHANAURA,-,-,-,-,-,-,-,-,28.84484200,78.23936700,29-09-2021 08:30,"","","",24
1279,YAMUNA A/C OF CHAMBAL AT SHERGARH JUHIKA (U.P),CPCB,9,Uttar Pradesh,122,AURAIYA,AURAIYA,-,-,-,-,-,-,-,-,26.42834000,79.24456100,08-03-2021 08:30,7,"",21000,""
1280,YAMUNA A/C OF CHAMBAL AT SHERGARH JUHIKA (U.P),CPCB,9,Uttar Pradesh,122,AURAIYA,AURAIYA,-,-,-,-,-,-,-,-,26.42834000,79.24456100,01-07-2021 08:30,9.2,"",49,""
1281,YAMUNA A/C OF CHAMBAL AT SHERGARH JUHIKA (U.P),CPCB,9,Uttar Pradesh,122,AURAIYA,AURAIYA,-,-,-,-,-,-,-,-,26.42834000,79.24456100,06-09-2021 08:30,5,"",4500,""
1282,YAMUNA A/C OF CHAMBAL AT SHERGARH JUHIKA (U.P),CPCB,9,Uttar Pradesh,122,AURAIYA,AURAIYA,-,-,-,-,-,-,-,-,26.42834000,79.24456100,13-12-2021 08:30,5,"",460,""
1283,YAMUNA AT AGRA U/S U.P.,CPCB,9,Uttar Pradesh,167,MATHURA,MATHURA,-,-,-,-,-,-,-,-,27.25065700,77.86162400,13-01-2021 08:30,10,"",4900,""
1284,YAMUNA AT AGRA U/S U.P.,CPCB,9,Uttar Pradesh,167,MATHURA,MATHURA,-,-,-,-,-,-,-,-,27.25065700,77.86162400,15-02-2021 08:30,13,"",1100,""
1285,YAMUNA AT AGRA U/S U.P.,CPCB,9,Uttar Pradesh,167,MATHURA,MATHURA,-,-,-,-,-,-,-,-,27.25065700,77.86162400,08-03-2021 08:30,12,"",35000,""
1286,YAMUNA AT AGRA U/S U.P.,CPCB,9,Uttar Pradesh,167,MATHURA,MATHURA,-,-,-,-,-,-,-,-,27.25065700,77.86162400,31-05-2021 08:30,16,"",4900,""
1287,YAMUNA AT AGRA U/S U.P.,CPCB,9,Uttar Pradesh,167,MATHURA,MATHURA,-,-,-,-,-,-,-,-,27.25065700,77.86162400,30-06-2021 08:30,12,"",400,""
1288,YAMUNA AT AGRA U/S U.P.,CPCB,9,Uttar Pradesh,167,MATHURA,MATHURA,-,-,-,-,-,-,-,-,27.25065700,77.86162400,19-07-2021 08:30,16,"",4100,""
1289,YAMUNA AT AGRA U/S U.P.,CPCB,9,Uttar Pradesh,167,MATHURA,MATHURA,-,-,-,-,-,-,-,-,27.25065700,77.86162400,25-08-2021 08:30,12.8,"",11000,""
1290,YAMUNA AT AGRA U/S U.P.,CPCB,9,Uttar Pradesh,167,MATHURA,MATHURA,-,-,-,-,-,-,-,-,27.25065700,77.86162400,08-09-2021 08:30,8.4,"",7000,""
1291,YAMUNA AT AGRA U/S U.P.,CPCB,9,Uttar Pradesh,167,MATHURA,MATHURA,-,-,-,-,-,-,-,-,27.25065700,77.86162400,08-10-2021 08:30,8.8,"",9000,""
1292,YAMUNA AT AGRA U/S U.P.,CPCB,9,Uttar Pradesh,167,MATHURA,MATHURA,-,-,-,-,-,-,-,-,27.25065700,77.86162400,12-11-2021 08:30,9.2,"",9000,""
1293,YAMUNA AT AGRA U/S U.P.,CPCB,9,Uttar Pradesh,167,MATHURA,MATHURA,-,-,-,-,-,-,-,-,27.25065700,77.86162400,08-12-2021 08:30,8.4,"",8000,""
1294,YAMUNA AT ALLAHABAD D/S (BALUA GHAT) U.P,CPCB,9,Uttar Pradesh,120,Allahabad,Allahabad,-,-,-,-,-,-,-,-,25.42247100,81.83880600,04-01-2021 08:30,1.9,"",780,""
1295,YAMUNA AT ALLAHABAD D/S (BALUA GHAT) U.P,CPCB,9,Uttar Pradesh,120,Allahabad,Allahabad,-,-,-,-,-,-,-,-,25.42247100,81.83880600,23-03-2021 08:30,2.6,"",930,""
1296,YAMUNA AT ALLAHABAD D/S (BALUA GHAT) U.P,CPCB,9,Uttar Pradesh,120,Allahabad,Allahabad,-,-,-,-,-,-,-,-,25.42247100,81.83880600,26-04-2021 08:30,2.5,"",680,""
1297,YAMUNA AT ALLAHABAD D/S (BALUA GHAT) U.P,CPCB,9,Uttar Pradesh,120,Allahabad,Allahabad,-,-,-,-,-,-,-,-,25.42247100,81.83880600,24-05-2021 08:30,2.7,"",700,""
1298,YAMUNA AT ALLAHABAD D/S (BALUA GHAT) U.P,CPCB,9,Uttar Pradesh,120,Allahabad,Allahabad,-,-,-,-,-,-,-,-,25.42247100,81.83880600,15-06-2021 08:30,2.7,"",490,""
1299,YAMUNA AT ALLAHABAD D/S (BALUA GHAT) U.P,CPCB,9,Uttar Pradesh,120,Allahabad,Allahabad,-,-,-,-,-,-,-,-,25.42247100,81.83880600,13-07-2021 08:30,2.5,"",610,""
1300,YAMUNA AT ALLAHABAD D/S (BALUA GHAT) U.P,CPCB,9,Uttar Pradesh,120,Allahabad,Allahabad,-,-,-,-,-,-,-,-,25.42247100,81.83880600,16-08-2021 08:30,2.6,"",680,""
1301,YAMUNA AT ALLAHABAD D/S (BALUA GHAT) U.P,CPCB,9,Uttar Pradesh,120,Allahabad,Allahabad,-,-,-,-,-,-,-,-,25.42247100,81.83880600,14-09-2021 08:30,2.5,"",600,""
1302,YAMUNA AT ALLAHABAD D/S (BALUA GHAT) U.P,CPCB,9,Uttar Pradesh,120,Allahabad,Allahabad,-,-,-,-,-,-,-,-,25.42247100,81.83880600,28-10-2021 08:30,2.6,"",680,""
1303,YAMUNA AT ALLAHABAD D/S (BALUA GHAT) U.P,CPCB,9,Uttar Pradesh,120,Allahabad,Allahabad,-,-,-,-,-,-,-,-,25.42247100,81.83880600,29-11-2021 08:30,2.7,"",450,""
1304,YAMUNA AT ALLAHABAD D/S (BALUA GHAT) U.P,CPCB,9,Uttar Pradesh,120,Allahabad,Allahabad,-,-,-,-,-,-,-,-,25.42247100,81.83880600,20-12-2021 08:30,2.7,"",600,""
1305,YAMUNA AT ASGARPUR VILLAGEU.P,CPCB,9,Uttar Pradesh,144,G.B. Nagar,DADRI,-,-,-,-,-,-,-,-,28.51781100,77.34360800,08-02-2021 08:30,127,"",2.2e+06,""
1306,YAMUNA AT ASGARPUR VILLAGEU.P,CPCB,9,Uttar Pradesh,144,G.B. Nagar,DADRI,-,-,-,-,-,-,-,-,28.51781100,77.34360800,30-06-2021 08:30,16,"",17000,""
1307,YAMUNA AT ASGARPUR VILLAGEU.P,CPCB,9,Uttar Pradesh,144,G.B. Nagar,DADRI,-,-,-,-,-,-,-,-,28.51781100,77.34360800,02-08-2021 08:30,8,"",170000,""
1308,YAMUNA AT ASGARPUR VILLAGEU.P,CPCB,9,Uttar Pradesh,144,G.B. Nagar,DADRI,-,-,-,-,-,-,-,-,28.51781100,77.34360800,14-12-2021 08:30,32,"",1.3e+06,""
1309,YAMUNA AT BATESWAR U.P,CPCB,9,Uttar Pradesh,118,AGRA,BAH,-,-,-,-,-,-,-,-,26.93268200,78.54366000,22-01-2021 08:30,17.6,"",16000,""
1310,YAMUNA AT BATESWAR U.P,CPCB,9,Uttar Pradesh,118,AGRA,BAH,-,-,-,-,-,-,-,-,26.93268200,78.54366000,10-02-2021 08:30,12.8,"",13000,""
1311,YAMUNA AT BATESWAR U.P,CPCB,9,Uttar Pradesh,118,AGRA,BAH,-,-,-,-,-,-,-,-,26.93268200,78.54366000,10-03-2021 08:30,12.4,"",11000,""
1312,YAMUNA AT BATESWAR U.P,CPCB,9,Uttar Pradesh,118,AGRA,BAH,-,-,-,-,-,-,-,-,26.93268200,78.54366000,09-04-2021 08:30,10.4,"",11000,""
1313,YAMUNA AT BATESWAR U.P,CPCB,9,Uttar Pradesh,118,AGRA,BAH,-,-,-,-,-,-,-,-,26.93268200,78.54366000,12-05-2021 08:30,12.8,"",13000,""
1314,YAMUNA AT BATESWAR U.P,CPCB,9,Uttar Pradesh,118,AGRA,BAH,-,-,-,-,-,-,-,-,26.93268200,78.54366000,07-06-2021 08:30,14.8,"",11000,""
1315,YAMUNA AT BATESWAR U.P,CPCB,9,Uttar Pradesh,118,AGRA,BAH,-,-,-,-,-,-,-,-,26.93268200,78.54366000,07-07-2021 08:30,14.4,"",12000,""
1316,YAMUNA AT BATESWAR U.P,CPCB,9,Uttar Pradesh,118,AGRA,BAH,-,-,-,-,-,-,-,-,26.93268200,78.54366000,07-08-2021 08:30,12,"",11000,""
1317,YAMUNA AT BATESWAR U.P,CPCB,9,Uttar Pradesh,118,AGRA,BAH,-,-,-,-,-,-,-,-,26.93268200,78.54366000,09-09-2021 08:30,8,"",9000,""
1318,YAMUNA AT BATESWAR U.P,CPCB,9,Uttar Pradesh,118,AGRA,BAH,-,-,-,-,-,-,-,-,26.93268200,78.54366000,07-10-2021 08:30,8.4,"",11000,""
1319,YAMUNA AT BATESWAR U.P,CPCB,9,Uttar Pradesh,118,AGRA,BAH,-,-,-,-,-,-,-,-,26.93268200,78.54366000,23-11-2021 08:30,8.8,"",9000,""
1320,YAMUNA AT BATESWAR U.P,CPCB,9,Uttar Pradesh,118,AGRA,BAH,-,-,-,-,-,-,-,-,26.93268200,78.54366000,04-12-2021 08:30,8,"",9000,""
1321,YAMUNA AT ETAWAH,CPCB,9,Uttar Pradesh,139,ETAWAH,Etawah,-,-,-,-,-,-,-,-,26.74499400,78.98831500,08-03-2021 08:30,24,"",450,""
1322,YAMUNA AT ETAWAH,CPCB,9,Uttar Pradesh,139,ETAWAH,Etawah,-,-,-,-,-,-,-,-,26.74499400,78.98831500,01-07-2021 08:30,17,"",21,""
1323,YAMUNA AT ETAWAH,CPCB,9,Uttar Pradesh,139,ETAWAH,Etawah,-,-,-,-,-,-,-,-,26.74499400,78.98831500,06-09-2021 08:30,15,"",2000,""
1324,YAMUNA AT ETAWAH,CPCB,9,Uttar Pradesh,139,ETAWAH,Etawah,-,-,-,-,-,-,-,-,26.74499400,78.98831500,13-12-2021 08:30,24,"",330,""
1325,YAMUNA AT ETAWAH U.P.,CPCB,9,Uttar Pradesh,139,ETAWAH,Etawah,-,-,-,-,-,-,-,-,26.75243600,79.01967000,26-02-2021 08:30,20,"",28000,""
1326,YAMUNA AT ETAWAH U.P.,CPCB,9,Uttar Pradesh,139,ETAWAH,Etawah,-,-,-,-,-,-,-,-,26.75243600,79.01967000,15-03-2021 08:30,21.6,"",32000,""
1327,YAMUNA AT ETAWAH U.P.,CPCB,9,Uttar Pradesh,139,ETAWAH,Etawah,-,-,-,-,-,-,-,-,26.75243600,79.01967000,22-04-2021 08:30,23.2,"",32000,""
1328,YAMUNA AT ETAWAH U.P.,CPCB,9,Uttar Pradesh,139,ETAWAH,Etawah,-,-,-,-,-,-,-,-,26.75243600,79.01967000,18-05-2021 08:30,21.2,"",31000,""
1329,YAMUNA AT ETAWAH U.P.,CPCB,9,Uttar Pradesh,139,ETAWAH,Etawah,-,-,-,-,-,-,-,-,26.75243600,79.01967000,18-06-2021 08:30,20,"",30000,""
1330,YAMUNA AT ETAWAH U.P.,CPCB,9,Uttar Pradesh,139,ETAWAH,Etawah,-,-,-,-,-,-,-,-,26.75243600,79.01967000,06-07-2021 08:30,20.4,"",30000,""
1331,YAMUNA AT ETAWAH U.P.,CPCB,9,Uttar Pradesh,139,ETAWAH,Etawah,-,-,-,-,-,-,-,-,26.75243600,79.01967000,19-08-2021 08:30,9.2,"",13000,""
1332,YAMUNA AT ETAWAH U.P.,CPCB,9,Uttar Pradesh,139,ETAWAH,Etawah,-,-,-,-,-,-,-,-,26.75243600,79.01967000,03-09-2021 08:30,11.6,"",14000,""
1333,YAMUNA AT ETAWAH U.P.,CPCB,9,Uttar Pradesh,139,ETAWAH,Etawah,-,-,-,-,-,-,-,-,26.75243600,79.01967000,12-10-2021 08:30,10.4,"",14000,""
1334,YAMUNA AT ETAWAH U.P.,CPCB,9,Uttar Pradesh,139,ETAWAH,Etawah,-,-,-,-,-,-,-,-,26.75243600,79.01967000,16-11-2021 08:30,15.2,"",17000,""
1335,YAMUNA AT ETAWAH U.P.,CPCB,9,Uttar Pradesh,139,ETAWAH,Etawah,-,-,-,-,-,-,-,-,26.75243600,79.01967000,07-12-2021 08:30,14.8,"",21000,""
1336,YAMUNA AT HAMIRPUR,CPCB,9,Uttar Pradesh,149,HAMIRPUR,HAMIRPUR,-,-,-,-,-,-,-,-,25.95696700,80.15712200,28-09-2021 08:30,4,"","",""
1337,YAMUNA AT HAMIRPUR,CPCB,9,Uttar Pradesh,149,HAMIRPUR,HAMIRPUR,-,-,-,-,-,-,-,-,25.95696700,80.15712200,28-10-2021 08:30,3.9,"","",""
1338,YAMUNA AT HAMIRPUR,CPCB,9,Uttar Pradesh,149,HAMIRPUR,HAMIRPUR,-,-,-,-,-,-,-,-,25.95696700,80.15712200,25-11-2021 08:30,3.6,"","",""
1339,YAMUNA AT HAMIRPUR,CPCB,9,Uttar Pradesh,149,HAMIRPUR,HAMIRPUR,-,-,-,-,-,-,-,-,25.95696700,80.15712200,21-12-2021 08:30,3.8,"","",""
1340,YAMUNA AT JUHIKA B/C WITH CHANBAL ETAWAH U.P,CPCB,9,Uttar Pradesh,151,JALAUN,JALAUN,-,-,-,-,-,-,-,-,26.42602000,79.47879900,19-01-2021 08:30,12.4,"",15000,""
1341,YAMUNA AT JUHIKA B/C WITH CHANBAL ETAWAH U.P,CPCB,9,Uttar Pradesh,151,JALAUN,JALAUN,-,-,-,-,-,-,-,-,26.42602000,79.47879900,16-02-2021 08:30,10.8,"",13000,""
1342,YAMUNA AT JUHIKA B/C WITH CHANBAL ETAWAH U.P,CPCB,9,Uttar Pradesh,151,JALAUN,JALAUN,-,-,-,-,-,-,-,-,26.42602000,79.47879900,15-03-2021 08:30,11,"",15000,""
1343,YAMUNA AT JUHIKA B/C WITH CHANBAL ETAWAH U.P,CPCB,9,Uttar Pradesh,151,JALAUN,JALAUN,-,-,-,-,-,-,-,-,26.42602000,79.47879900,22-04-2021 08:30,10.4,"",13000,""
1344,YAMUNA AT JUHIKA B/C WITH CHANBAL ETAWAH U.P,CPCB,9,Uttar Pradesh,151,JALAUN,JALAUN,-,-,-,-,-,-,-,-,26.42602000,79.47879900,18-05-2021 08:30,10,"",11000,""
1345,YAMUNA AT JUHIKA B/C WITH CHANBAL ETAWAH U.P,CPCB,9,Uttar Pradesh,151,JALAUN,JALAUN,-,-,-,-,-,-,-,-,26.42602000,79.47879900,18-06-2021 08:30,9.6,"",11000,""
1346,YAMUNA AT JUHIKA B/C WITH CHANBAL ETAWAH U.P,CPCB,9,Uttar Pradesh,151,JALAUN,JALAUN,-,-,-,-,-,-,-,-,26.42602000,79.47879900,06-07-2021 08:30,10,"",9000,""
1347,YAMUNA AT JUHIKA B/C WITH CHANBAL ETAWAH U.P,CPCB,9,Uttar Pradesh,151,JALAUN,JALAUN,-,-,-,-,-,-,-,-,26.42602000,79.47879900,19-08-2021 08:30,10,"",11000,""
1348,YAMUNA AT JUHIKA B/C WITH CHANBAL ETAWAH U.P,CPCB,9,Uttar Pradesh,151,JALAUN,JALAUN,-,-,-,-,-,-,-,-,26.42602000,79.47879900,03-09-2021 08:30,8.4,"",11000,""
1349,YAMUNA AT JUHIKA B/C WITH CHANBAL ETAWAH U.P,CPCB,9,Uttar Pradesh,151,JALAUN,JALAUN,-,-,-,-,-,-,-,-,26.42602000,79.47879900,12-10-2021 08:30,7.6,"",11000,""
1350,YAMUNA AT JUHIKA B/C WITH CHANBAL ETAWAH U.P,CPCB,9,Uttar Pradesh,151,JALAUN,JALAUN,-,-,-,-,-,-,-,-,26.42602000,79.47879900,16-11-2021 08:30,9.6,"",13000,""
1351,YAMUNA AT JUHIKA B/C WITH CHANBAL ETAWAH U.P,CPCB,9,Uttar Pradesh,151,JALAUN,JALAUN,-,-,-,-,-,-,-,-,26.42602000,79.47879900,07-12-2021 08:30,10,"",11000,""
1352,YAMUNA AT KESIGHAT VRINDAVAN,CPCB,9,Uttar Pradesh,167,MATHURA,MAT,-,-,-,-,-,-,-,-,27.58608700,77.69636400,13-01-2021 08:30,6.2,"",31000,""
1353,YAMUNA AT KESIGHAT VRINDAVAN,CPCB,9,Uttar Pradesh,167,MATHURA,MAT,-,-,-,-,-,-,-,-,27.58608700,77.69636400,08-02-2021 08:30,8.6,"",28000,""
1354,YAMUNA AT KESIGHAT VRINDAVAN,CPCB,9,Uttar Pradesh,167,MATHURA,MAT,-,-,-,-,-,-,-,-,27.58608700,77.69636400,08-03-2021 08:30,9,"",38000,""
1355,YAMUNA AT KESIGHAT VRINDAVAN,CPCB,9,Uttar Pradesh,167,MATHURA,MAT,-,-,-,-,-,-,-,-,27.58608700,77.69636400,09-04-2021 08:30,8.4,"",44000,""
1356,YAMUNA AT KESIGHAT VRINDAVAN,CPCB,9,Uttar Pradesh,167,MATHURA,MAT,-,-,-,-,-,-,-,-,27.58608700,77.69636400,10-05-2021 08:30,7.8,"",31000,""
1357,YAMUNA AT KESIGHAT VRINDAVAN,CPCB,9,Uttar Pradesh,167,MATHURA,MAT,-,-,-,-,-,-,-,-,27.58608700,77.69636400,07-06-2021 08:30,8.8,"",41000,""
1358,YAMUNA AT KESIGHAT VRINDAVAN,CPCB,9,Uttar Pradesh,167,MATHURA,MAT,-,-,-,-,-,-,-,-,27.58608700,77.69636400,09-07-2021 08:30,9.6,"",43000,""
1359,YAMUNA AT KESIGHAT VRINDAVAN,CPCB,9,Uttar Pradesh,167,MATHURA,MAT,-,-,-,-,-,-,-,-,27.58608700,77.69636400,05-08-2021 08:30,7.8,"",39000,""
1360,YAMUNA AT KESIGHAT VRINDAVAN,CPCB,9,Uttar Pradesh,167,MATHURA,MAT,-,-,-,-,-,-,-,-,27.58608700,77.69636400,08-09-2021 08:30,7.2,"",22000,""
1361,YAMUNA AT KESIGHAT VRINDAVAN,CPCB,9,Uttar Pradesh,167,MATHURA,MAT,-,-,-,-,-,-,-,-,27.58608700,77.69636400,11-10-2021 08:30,8.4,"",31000,""
1362,YAMUNA AT KESIGHAT VRINDAVAN,CPCB,9,Uttar Pradesh,167,MATHURA,MAT,-,-,-,-,-,-,-,-,27.58608700,77.69636400,06-11-2021 08:30,9.4,"",34000,""
1363,YAMUNA AT KESIGHAT VRINDAVAN,CPCB,9,Uttar Pradesh,167,MATHURA,MAT,-,-,-,-,-,-,-,-,27.58608700,77.69636400,06-12-2021 08:30,8.4,"",33000,""
1364,YAMUNA AT MATHURA D/S  U.P.,CPCB,9,Uttar Pradesh,167,MATHURA,MATHURA,-,-,-,-,-,-,-,-,27.44305200,77.71613300,13-01-2021 08:30,11,"",79000,""
1365,YAMUNA AT MATHURA D/S  U.P.,CPCB,9,Uttar Pradesh,167,MATHURA,MATHURA,-,-,-,-,-,-,-,-,27.44305200,77.71613300,15-02-2021 08:30,21,"",28000,""
1366,YAMUNA AT MATHURA D/S  U.P.,CPCB,9,Uttar Pradesh,167,MATHURA,MATHURA,-,-,-,-,-,-,-,-,27.44305200,77.71613300,08-03-2021 08:30,15,"",170,""
1367,YAMUNA AT MATHURA D/S  U.P.,CPCB,9,Uttar Pradesh,167,MATHURA,MATHURA,-,-,-,-,-,-,-,-,27.44305200,77.71613300,31-05-2021 08:30,15,"",920000,""
1368,YAMUNA AT MATHURA D/S  U.P.,CPCB,9,Uttar Pradesh,167,MATHURA,MATHURA,-,-,-,-,-,-,-,-,27.44305200,77.71613300,30-06-2021 08:30,36,"",2200,""
1369,YAMUNA AT MATHURA D/S  U.P.,CPCB,9,Uttar Pradesh,167,MATHURA,MATHURA,-,-,-,-,-,-,-,-,27.44305200,77.71613300,19-07-2021 08:30,12,"",35000,""
1370,YAMUNA AT MATHURA D/S  U.P.,CPCB,9,Uttar Pradesh,167,MATHURA,MATHURA,-,-,-,-,-,-,-,-,27.44305200,77.71613300,05-08-2021 08:30,9.6,"",48000,""
1371,YAMUNA AT MATHURA D/S  U.P.,CPCB,9,Uttar Pradesh,167,MATHURA,MATHURA,-,-,-,-,-,-,-,-,27.44305200,77.71613300,08-09-2021 08:30,8.6,"",33000,""
1372,YAMUNA AT MATHURA D/S  U.P.,CPCB,9,Uttar Pradesh,167,MATHURA,MATHURA,-,-,-,-,-,-,-,-,27.44305200,77.71613300,11-10-2021 08:30,9.6,"",38000,""
1373,YAMUNA AT MATHURA D/S  U.P.,CPCB,9,Uttar Pradesh,167,MATHURA,MATHURA,-,-,-,-,-,-,-,-,27.44305200,77.71613300,06-11-2021 08:30,11.4,"",46000,""
1374,YAMUNA AT MATHURA D/S  U.P.,CPCB,9,Uttar Pradesh,167,MATHURA,MATHURA,-,-,-,-,-,-,-,-,27.44305200,77.71613300,06-12-2021 08:30,11,"",39000,""
1375,YAMUNA AT MATHURA U/S  U.P.,CPCB,9,Uttar Pradesh,167,MATHURA,MATHURA,-,-,-,-,-,-,-,-,27.56498100,77.70871800,13-01-2021 08:30,14,"",49000,""
1376,YAMUNA AT MATHURA U/S  U.P.,CPCB,9,Uttar Pradesh,167,MATHURA,MATHURA,-,-,-,-,-,-,-,-,27.56498100,77.70871800,15-02-2021 08:30,16,"",2600,""
1377,YAMUNA AT MATHURA U/S  U.P.,CPCB,9,Uttar Pradesh,167,MATHURA,MATHURA,-,-,-,-,-,-,-,-,27.56498100,77.70871800,08-03-2021 08:30,11,"",110,""
1378,YAMUNA AT MATHURA U/S  U.P.,CPCB,9,Uttar Pradesh,167,MATHURA,MATHURA,-,-,-,-,-,-,-,-,27.56498100,77.70871800,31-05-2021 08:30,15,"",7900,""
1379,YAMUNA AT MATHURA U/S  U.P.,CPCB,9,Uttar Pradesh,167,MATHURA,MATHURA,-,-,-,-,-,-,-,-,27.56498100,77.70871800,30-06-2021 08:30,18,"",2700,""
1380,YAMUNA AT MATHURA U/S  U.P.,CPCB,9,Uttar Pradesh,167,MATHURA,MATHURA,-,-,-,-,-,-,-,-,27.56498100,77.70871800,19-07-2021 08:30,6.1,"",35000,""
1381,YAMUNA AT MATHURA U/S  U.P.,CPCB,9,Uttar Pradesh,167,MATHURA,MATHURA,-,-,-,-,-,-,-,-,27.56498100,77.70871800,05-08-2021 08:30,8.2,"",41000,""
1382,YAMUNA AT MATHURA U/S  U.P.,CPCB,9,Uttar Pradesh,167,MATHURA,MATHURA,-,-,-,-,-,-,-,-,27.56498100,77.70871800,08-09-2021 08:30,7.2,"",27000,""
1383,YAMUNA AT MATHURA U/S  U.P.,CPCB,9,Uttar Pradesh,167,MATHURA,MATHURA,-,-,-,-,-,-,-,-,27.56498100,77.70871800,11-10-2021 08:30,8.8,"",32000,""
1384,YAMUNA AT MATHURA U/S  U.P.,CPCB,9,Uttar Pradesh,167,MATHURA,MATHURA,-,-,-,-,-,-,-,-,27.56498100,77.70871800,06-11-2021 08:30,10.2,"",33000,""
1385,YAMUNA AT MATHURA U/S  U.P.,CPCB,9,Uttar Pradesh,167,MATHURA,MATHURA,-,-,-,-,-,-,-,-,27.56498100,77.70871800,06-12-2021 08:30,9.2,"",31000,""
1386,YAMUNA AT OKHLA AFTER MEETING OF SHAHDARA DRAIN DELHI,CPCB,9,Uttar Pradesh,144,G.B. Nagar,DADRI,-,-,-,-,-,-,-,-,28.53329500,77.33072400,06-01-2021 08:30,57,"",3.3e+06,""
1387,YAMUNA AT OKHLA AFTER MEETING OF SHAHDARA DRAIN DELHI,CPCB,9,Uttar Pradesh,144,G.B. Nagar,DADRI,-,-,-,-,-,-,-,-,28.53329500,77.33072400,01-02-2021 08:30,83,"",2.1e+06,""
1388,YAMUNA AT OKHLA AFTER MEETING OF SHAHDARA DRAIN DELHI,CPCB,9,Uttar Pradesh,144,G.B. Nagar,DADRI,-,-,-,-,-,-,-,-,28.53329500,77.33072400,03-03-2021 08:30,50,"",3.3e+06,""
1389,YAMUNA AT OKHLA AFTER MEETING OF SHAHDARA DRAIN DELHI,CPCB,9,Uttar Pradesh,144,G.B. Nagar,DADRI,-,-,-,-,-,-,-,-,28.53329500,77.33072400,05-04-2021 08:30,52,"",2.2e+07,""
1390,YAMUNA AT OKHLA AFTER MEETING OF SHAHDARA DRAIN DELHI,CPCB,9,Uttar Pradesh,144,G.B. Nagar,DADRI,-,-,-,-,-,-,-,-,28.53329500,77.33072400,03-09-2021 08:30,58,"",70000,""
1391,YAMUNA AT OKHLA AFTER MEETING OF SHAHDARA DRAIN DELHI,CPCB,9,Uttar Pradesh,144,G.B. Nagar,DADRI,-,-,-,-,-,-,-,-,28.53329500,77.33072400,04-10-2021 08:30,52,"",330000,""
1392,YAMUNA AT OKHLA AFTER MEETING OF SHAHDARA DRAIN DELHI,CPCB,9,Uttar Pradesh,144,G.B. Nagar,DADRI,-,-,-,-,-,-,-,-,28.53329500,77.33072400,08-11-2021 08:30,38,"",170000,""
1393,YAMUNA AT OKHLA AFTER MEETING OF SHAHDARA DRAIN DELHI,CPCB,9,Uttar Pradesh,144,G.B. Nagar,DADRI,-,-,-,-,-,-,-,-,28.53329500,77.33072400,01-12-2021 08:30,68,"",940000,""
1394,YAMUNA AT PALLA WAZIRABAD (DELHI),CPCB,9,Uttar Pradesh,124,BAGHPAT,BAGHPAT,-,-,-,-,-,-,-,-,28.86245400,77.20728200,06-01-2021 08:30,6.2,"",22000,""
1395,YAMUNA AT PALLA WAZIRABAD (DELHI),CPCB,9,Uttar Pradesh,124,BAGHPAT,BAGHPAT,-,-,-,-,-,-,-,-,28.86245400,77.20728200,16-06-2021 08:30,11,"",7800,""
1396,YAMUNA AT PALLA WAZIRABAD (DELHI),CPCB,9,Uttar Pradesh,124,BAGHPAT,BAGHPAT,-,-,-,-,-,-,-,-,28.86245400,77.20728200,08-07-2021 08:30,14,"",68,""
1397,YAMUNA AT PALLA WAZIRABAD (DELHI),CPCB,9,Uttar Pradesh,124,BAGHPAT,BAGHPAT,-,-,-,-,-,-,-,-,28.86245400,77.20728200,23-08-2021 08:30,4,"",33000,""
1398,YAMUNA AT PALLA WAZIRABAD (DELHI),CPCB,9,Uttar Pradesh,124,BAGHPAT,BAGHPAT,-,-,-,-,-,-,-,-,28.86245400,77.20728200,22-11-2021 08:30,"","",2200,""
1399,YAMUNA AT SONIPAT BAGHPAT ROAD(HARYANA),CPCB,9,Uttar Pradesh,124,BAGHPAT,BAGHPAT,-,-,-,-,-,-,-,-,28.94349500,77.20329000,09-02-2021 08:30,6.2,"",140,""
1400,YAMUNA AT SONIPAT BAGHPAT ROAD(HARYANA),CPCB,9,Uttar Pradesh,124,BAGHPAT,BAGHPAT,-,-,-,-,-,-,-,-,28.94349500,77.20329000,08-07-2021 08:30,20,"",2200,""
1401,YAMUNA AT SONIPAT BAGHPAT ROAD(HARYANA),CPCB,9,Uttar Pradesh,124,BAGHPAT,BAGHPAT,-,-,-,-,-,-,-,-,28.94349500,77.20329000,23-08-2021 08:30,4,"",79000,""
1402,YAMUNA AT SONIPAT BAGHPAT ROAD(HARYANA),CPCB,9,Uttar Pradesh,124,BAGHPAT,BAGHPAT,-,-,-,-,-,-,-,-,28.94349500,77.20329000,22-11-2021 08:30,3,"",130,""
1403,YAMUNA AT VISHRAMGHAT MATHURA,CPCB,9,Uttar Pradesh,167,MATHURA,MATHURA,-,-,-,-,-,-,-,-,27.50475500,77.68652400,13-01-2021 08:30,9.6,"",79000,""
1404,YAMUNA AT VISHRAMGHAT MATHURA,CPCB,9,Uttar Pradesh,167,MATHURA,MATHURA,-,-,-,-,-,-,-,-,27.50475500,77.68652400,08-02-2021 08:30,8,"",41000,""
1405,YAMUNA AT VISHRAMGHAT MATHURA,CPCB,9,Uttar Pradesh,167,MATHURA,MATHURA,-,-,-,-,-,-,-,-,27.50475500,77.68652400,08-03-2021 08:30,10,"",53000,""
1406,YAMUNA AT VISHRAMGHAT MATHURA,CPCB,9,Uttar Pradesh,167,MATHURA,MATHURA,-,-,-,-,-,-,-,-,27.50475500,77.68652400,09-04-2021 08:30,11.6,"",58000,""
1407,YAMUNA AT VISHRAMGHAT MATHURA,CPCB,9,Uttar Pradesh,167,MATHURA,MATHURA,-,-,-,-,-,-,-,-,27.50475500,77.68652400,10-05-2021 08:30,9,"",54000,""
1408,YAMUNA AT VISHRAMGHAT MATHURA,CPCB,9,Uttar Pradesh,167,MATHURA,MATHURA,-,-,-,-,-,-,-,-,27.50475500,77.68652400,07-06-2021 08:30,10.8,"",58000,""
1409,YAMUNA AT VISHRAMGHAT MATHURA,CPCB,9,Uttar Pradesh,167,MATHURA,MATHURA,-,-,-,-,-,-,-,-,27.50475500,77.68652400,09-07-2021 08:30,11.6,"",63000,""
1410,YAMUNA AT VISHRAMGHAT MATHURA,CPCB,9,Uttar Pradesh,167,MATHURA,MATHURA,-,-,-,-,-,-,-,-,27.50475500,77.68652400,05-08-2021 08:30,9.8,"",47000,""
1411,YAMUNA AT VISHRAMGHAT MATHURA,CPCB,9,Uttar Pradesh,167,MATHURA,MATHURA,-,-,-,-,-,-,-,-,27.50475500,77.68652400,08-09-2021 08:30,8.2,"",31000,""
1412,YAMUNA AT VISHRAMGHAT MATHURA,CPCB,9,Uttar Pradesh,167,MATHURA,MATHURA,-,-,-,-,-,-,-,-,27.50475500,77.68652400,11-10-2021 08:30,9,"",33000,""
1413,YAMUNA AT VISHRAMGHAT MATHURA,CPCB,9,Uttar Pradesh,167,MATHURA,MATHURA,-,-,-,-,-,-,-,-,27.50475500,77.68652400,06-11-2021 08:30,10.8,"",43000,""
1414,YAMUNA AT VISHRAMGHAT MATHURA,CPCB,9,Uttar Pradesh,167,MATHURA,MATHURA,-,-,-,-,-,-,-,-,27.50475500,77.68652400,06-12-2021 08:30,10.6,"",33000,""
